,game_id,home_team,away_team,home_is_winner,home_odds,away_odds,home_implied_prob,away_implied_prob,home_win_prob,away_win_prob,homediff,awaydiff,bethome,betaway
86,97d9e86b68d5033f37c6a6030efcf641,Washington Nationals,Atlanta Braves,0,210.0,-260.0,0.3225806451612903,0.7222222222222222,0.374005115032196,0.625994884967804,0.05142446987090571,-0.09622733725441823,True,False
87,23ba8d74e9daa33d7da478f18f8e58a4,New York Yankees,San Francisco Giants,1,-185.0,153.0,0.6491228070175439,0.3952569169960474,0.6246876001358033,0.3753123998641968,-0.024435206881740612,-0.019944517131850636,False,False
88,f2912049aeca157ded4e77586ad96b6f,Boston Red Sox,Baltimore Orioles,0,-125.0,105.0,0.5555555555555556,0.4878048780487805,0.5897196412086487,0.4102803587913513,0.034164085653093146,-0.0775245192574292,True,False
89,2d36dc1a2de91bd8dc15c9d544f9f5a0,Chicago Cubs,Milwaukee Brewers,1,117.0,-140.0,0.4608294930875576,0.5833333333333334,0.4365171432495117,0.5634828567504883,-0.02431234983804592,-0.01985047658284511,False,False
90,53e0cd370c0af094e354e4b64cf6ada1,Tampa Bay Rays,Detroit Tigers,1,-230.0,190.0,0.696969696969697,0.3448275862068966,0.6815012693405151,0.3184987306594848,-0.01546842762918188,-0.026328855547411767,False,False
91,c242048b2420a0eb53fe951109099db2,Texas Rangers,Philadelphia Phillies,1,-135.0,113.0,0.574468085106383,0.4694835680751174,0.5820641696453095,0.4179358303546905,0.007596084538926462,-0.05154773772042687,False,False
92,cfe893abe7a8c4f2275864f05423bba2,Cincinnati Reds,Pittsburgh Pirates,0,-140.0,117.0,0.5833333333333334,0.4608294930875576,0.5820641696453095,0.4179358303546905,-0.0012691636880238777,-0.0428936627328671,False,False
93,f6b17166f9f6f8fb2225a700865d33d1,Kansas City Royals,Minnesota Twins,0,130.0,-155.0,0.4347826086956521,0.6078431372549019,0.3816488146781921,0.6183511853218079,-0.05313379401745999,0.010508048066905973,False,True
94,cb499bb91e7c931593beea3335b90578,Miami Marlins,New York Mets,0,105.0,-125.0,0.4878048780487805,0.5555555555555556,0.5242915689945221,0.4757084310054779,0.03648669094574164,-0.0798471245500777,True,False
95,882e380b04765fa81bd5c4f1087c479e,St. Louis Cardinals,Toronto Blue Jays,0,-125.0,105.0,0.5555555555555556,0.4878048780487805,0.5536381423473358,0.4463618576526642,-0.0019174132082198092,-0.041443020396116304,False,False
96,7de9dad87118ee281e48da1d8d6ed181,Houston Astros,Chicago White Sox,0,-160.0,134.0,0.6153846153846154,0.4273504273504273,0.6137041509151459,0.3862958490848541,-0.001680464469469567,-0.04105457826557318,False,False
97,c6eec130ca93a016347f5df664919f77,San Diego Padres,Colorado Rockies,0,-210.0,170.0,0.6774193548387096,0.3703703703703703,0.6293324887752533,0.3706675112247467,-0.04808686606345636,0.000297140854376432,False,False
98,12bb4f27b059b0b926b52f20d9574914,Oakland Athletics,Los Angeles Angels,1,185.0,-225.0,0.3508771929824561,0.6923076923076923,0.374005115032196,0.625994884967804,0.023127922049739902,-0.06631280733988831,True,False
99,ba85145c230b19c9c9af4e6cfc8584df,Los Angeles Dodgers,Arizona Diamondbacks,1,-168.0,140.0,0.6268656716417911,0.4166666666666667,0.6229438364505768,0.3770561635494232,-0.003921835191214251,-0.03961050311724351,False,False
100,671e5fd42a321195af770e20bb6c093e,Seattle Mariners,Cleveland Guardians,1,-125.0,105.0,0.5555555555555556,0.4878048780487805,0.591240119934082,0.4087598800659179,0.03568456437852641,-0.07904499798286257,True,False
101,1455ddfcf0f94fb5d348a4aa223fc798,Miami Marlins,New York Mets,1,-102.0,-118.0,0.504950495049505,0.5412844036697247,0.5552575886249542,0.4447424113750458,0.05030709357544927,-0.09654199229467897,True,False
103,f966cfcbe459a1a6b4ea49dc65ed5f25,Houston Astros,Chicago White Sox,1,-165.0,139.0,0.6226415094339622,0.4184100418410041,0.6308557450771332,0.3691442549228668,0.00821423564317092,-0.04926578691813732,False,False
104,7cdf5f141c30be44e268ef5bc97097ae,San Diego Padres,Colorado Rockies,0,-195.0,160.0,0.6610169491525424,0.3846153846153846,0.5973515689373017,0.4026484310626984,-0.06366538021524071,0.018033046447313794,False,True
105,f425fc3f814ccff26d82d300b5a8b87d,Los Angeles Dodgers,Arizona Diamondbacks,0,-192.0,157.0,0.6575342465753424,0.3891050583657587,0.5973515689373017,0.4026484310626984,-0.06018267763804075,0.01354337269693967,False,True
106,db7d886360e87493ff57669cff37880a,Seattle Mariners,Cleveland Guardians,0,-165.0,139.0,0.6226415094339622,0.4184100418410041,0.6057054579257966,0.3942945420742035,-0.016936051508165684,-0.024115499766800608,False,False
108,7c242376f3d90f53fe7928386bf44971,Houston Astros,Chicago White Sox,1,-135.0,113.0,0.574468085106383,0.4694835680751174,0.5848725736141205,0.4151274263858795,0.010404488507737453,-0.05435614168923786,True,False
109,07107ca39d32bda483df4868efb1c0e3,St. Louis Cardinals,Toronto Blue Jays,1,113.0,-135.0,0.4694835680751174,0.574468085106383,0.5203170478343964,0.4796829521656036,0.05083347975927899,-0.09478513294077945,True,False
110,ae4f2c604a08c0c217e0bb4a4d63359e,Chicago Cubs,Milwaukee Brewers,0,105.0,-125.0,0.4878048780487805,0.5555555555555556,0.5242915689945221,0.4757084310054779,0.03648669094574164,-0.0798471245500777,True,False
111,d0f8681d37c0b15f4af1ad11ab10dbf8,Washington Nationals,Atlanta Braves,0,220.0,-270.0,0.3125,0.7297297297297297,0.374005115032196,0.625994884967804,0.06150511503219602,-0.10373484476192574,True,False
112,f524736ebcea29bf5b7c90b1098bf48d,New York Yankees,San Francisco Giants,0,-140.0,117.0,0.5833333333333334,0.4608294930875576,0.5820641696453095,0.4179358303546905,-0.0012691636880238777,-0.0428936627328671,False,False
113,08587b17664cc03b26480f672e09b10a,Texas Rangers,Philadelphia Phillies,1,108.0,-130.0,0.4807692307692308,0.5652173913043478,0.5164257645606994,0.4835742354393005,0.03565653379146866,-0.08164315586504728,True,False
114,45d8c3393307fae4c04f000ea024df92,Oakland Athletics,Los Angeles Angels,0,141.0,-170.0,0.4149377593360996,0.6296296296296297,0.3816488146781921,0.6183511853218079,-0.03328894465790749,-0.011278444307821767,False,False
115,290363d40b65863d49a4de949cd89d93,Boston Red Sox,Baltimore Orioles,1,-160.0,134.0,0.6153846153846154,0.4273504273504273,0.6178405463695527,0.3821594536304474,0.002455930984937238,-0.04519097371997988,False,False
116,5ab7afbac77810f1ab0513a7ba3c719b,Cincinnati Reds,Pittsburgh Pirates,1,-150.0,126.0,0.6,0.4424778761061947,0.5899745404720307,0.4100254595279693,-0.010025459527969294,-0.032452416578225396,False,False
117,71ee03890fab3ac7d4f27d5378a7abcf,Tampa Bay Rays,Detroit Tigers,1,-180.0,148.0,0.6428571428571429,0.4032258064516129,0.6229438364505768,0.3770561635494232,-0.019913306406566078,-0.026169642902189705,False,False
118,9606591d129f210aa0f0607f3361778d,Kansas City Royals,Minnesota Twins,0,136.0,-162.0,0.423728813559322,0.6183206106870229,0.3816488146781921,0.6183511853218079,-0.0420799988811299,3.057463478495226e-05,False,False
119,be5c19749d7f6b78fc8e6d763011718a,Miami Marlins,New York Mets,0,108.0,-130.0,0.4807692307692308,0.5652173913043478,0.5164257645606994,0.4835742354393005,0.03565653379146866,-0.08164315586504728,True,False
121,4f7f9bf4d899d20a02ec8128255a10dd,San Diego Padres,Colorado Rockies,1,-230.0,190.0,0.696969696969697,0.3448275862068966,0.6797592997550964,0.3202407002449036,-0.017210397214600603,-0.024586885961992988,False,False
123,ad37e6a5fc27caba8992898c7730bff2,Los Angeles Dodgers,Arizona Diamondbacks,0,-260.0,210.0,0.7222222222222222,0.3225806451612903,0.6797592997550964,0.3202407002449036,-0.0424629224671258,-0.002339944916386727,False,False
125,cf428a63d7e199c4649c46ddb08f82da,Seattle Mariners,Cleveland Guardians,0,-140.0,117.0,0.5833333333333334,0.4608294930875576,0.5820641696453095,0.4179358303546905,-0.0012691636880238777,-0.0428936627328671,False,False
144,140eec53d0f71391600e8d71ed3c2e04,Tampa Bay Rays,Detroit Tigers,1,-220.0,180.0,0.6875,0.3571428571428571,0.6797592997550964,0.3202407002449036,-0.007740700244903587,-0.03690215689795351,False,False
145,0d99bbd7ff88bf33a31a57a7798e624e,Washington Nationals,Atlanta Braves,1,156.0,-190.0,0.390625,0.6551724137931034,0.374005115032196,0.625994884967804,-0.016619884967803977,-0.029177528825299448,False,False
146,5d5bdbee4220f662c345eaf1b3ab8fb4,Boston Red Sox,Baltimore Orioles,1,-140.0,117.0,0.5833333333333334,0.4608294930875576,0.5820641696453095,0.4179358303546905,-0.0012691636880238777,-0.0428936627328671,False,False
147,21aba2f2df632af1bfbd32fcee29e4a6,New York Yankees,San Francisco Giants,1,-153.0,128.0,0.6047430830039525,0.4385964912280701,0.5820641696453095,0.4179358303546905,-0.022678913358643027,-0.020660660873379588,False,False
148,529c5eefe14316a7c7b93644d32686d2,Cincinnati Reds,Pittsburgh Pirates,1,-138.0,115.0,0.5798319327731093,0.4651162790697674,0.5820641696453095,0.4179358303546905,0.0022322368722001995,-0.04718044871507687,False,False
149,ac2be2819057373fc73de2a93d1a5a01,Miami Marlins,New York Mets,0,-125.0,105.0,0.5555555555555556,0.4878048780487805,0.547432953119278,0.452567046880722,-0.008122602436277604,-0.03523783116805845,False,False
150,0be8e190246101a1195d7953fcfff566,Houston Astros,Chicago White Sox,0,-177.0,145.0,0.6389891696750902,0.4081632653061224,0.6184021413326264,0.3815978586673736,-0.020587028342463842,-0.02656540663874879,False,False
151,ad2ed9f2a67fd362ba5dc55f838b5059,Kansas City Royals,Minnesota Twins,0,129.0,-154.0,0.4366812227074236,0.6062992125984252,0.3829698026180267,0.6170301973819733,-0.05371142008939689,0.010730984783548059,False,True
152,162d1a85a3c1a5df804f8e85e4ab5fd8,St. Louis Cardinals,Toronto Blue Jays,1,-110.0,-110.0,0.5238095238095238,0.5238095238095238,0.5909927010536193,0.4090072989463806,0.0671831772440955,-0.11480222486314323,True,False
153,6683ea673d71ae527335bb50740e4bd3,Chicago Cubs,Milwaukee Brewers,0,-122.0,102.0,0.5495495495495496,0.495049504950495,0.5847710013389588,0.4152289986610412,0.035221451789409164,-0.07982050628945381,True,False
154,d9823834125a3085fcea949afb845853,Oakland Athletics,Los Angeles Angels,0,136.0,-162.0,0.423728813559322,0.6183206106870229,0.3780214130878448,0.6219785869121551,-0.0457074004714772,0.003657976225132198,False,False
156,7335c743ba6b21415dc13b32285e84d5,Los Angeles Dodgers,Arizona Diamondbacks,0,-185.0,153.0,0.6491228070175439,0.3952569169960474,0.6098894059658051,0.3901105940341949,-0.03923340105173878,-0.005146322961852523,False,False
158,0542d6918ed26724e05e70bebcf048eb,Seattle Mariners,Cleveland Guardians,0,-110.0,-110.0,0.5238095238095238,0.5238095238095238,0.5401622533798218,0.4598377466201782,0.016352729570297986,-0.06397177718934566,True,False
160,bee5c272e86a6240fdbd4a121fa9408a,San Diego Padres,Colorado Rockies,1,-225.0,185.0,0.6923076923076923,0.3508771929824561,0.6754998922348022,0.3245001077651978,-0.016807800072890067,-0.026377085217258345,False,False
161,11ceaf6e24f4c0d4467012906f4a649b,Texas Rangers,Philadelphia Phillies,1,-125.0,105.0,0.5555555555555556,0.4878048780487805,0.5909927010536193,0.4090072989463806,0.03543714549806376,-0.07879757910239987,True,False
176,23b0a5eecce59abe58686837f286ee57,Milwaukee Brewers,New York Mets,1,-125.0,105.0,0.5555555555555556,0.4878048780487805,0.5768053472042084,0.4231946527957916,0.021249791648652816,-0.06461022525298887,True,False
177,79ddaf1f95c1f10fceb12a739ba26cb1,Chicago White Sox,San Francisco Giants,0,-140.0,117.0,0.5833333333333334,0.4608294930875576,0.5638966023921966,0.4361033976078033,-0.019436730941136737,-0.024726095479754295,False,False
178,53a8ed671dd7c0e9a2b7aa394f971c15,Cincinnati Reds,Chicago Cubs,1,105.0,-125.0,0.4878048780487805,0.5555555555555556,0.5170355260372161,0.4829644739627838,0.029230647988435665,-0.07259108159277178,True,False
179,733114f788741b8e3062799c3fc9e4f9,Miami Marlins,Minnesota Twins,0,105.0,-125.0,0.4878048780487805,0.5555555555555556,0.5170355260372161,0.4829644739627838,0.029230647988435665,-0.07259108159277178,True,False
180,a3cbdaddc01ee526d62fecabecbefa82,New York Yankees,Philadelphia Phillies,1,-180.0,148.0,0.6428571428571429,0.4032258064516129,0.6070092856884003,0.3929907143115997,-0.035847857168742614,-0.010235092140013169,False,False
181,9f3e5f508c6975693b8024846c40c2aa,Washington Nationals,Tampa Bay Rays,0,148.0,-180.0,0.4032258064516129,0.6428571428571429,0.3703777134418488,0.6296222865581512,-0.0328480930097641,-0.013234856298991682,False,False
182,53e35e947fba033deb27a29d1c51bede,Boston Red Sox,Pittsburgh Pirates,0,-157.0,131.0,0.6108949416342413,0.4329004329004329,0.6100909233093261,0.3899090766906738,-0.0008040183249151678,-0.04299135620975908,False,False
183,929986ab9d1869d238f3b9672b8cf0bb,Kansas City Royals,Toronto Blue Jays,1,114.0,-136.0,0.4672897196261682,0.576271186440678,0.463378894329071,0.5366211056709289,-0.003910825297097242,-0.039650080769749074,False,False
184,1ecaa07667b64f01b4392bcecb1e19d9,St. Louis Cardinals,Atlanta Braves,0,113.0,-135.0,0.4694835680751174,0.574468085106383,0.5041467607021332,0.4958532392978668,0.03466319262701578,-0.07861484580851624,True,False
185,b4bd7ff476efd614ebcf9b95ecf0a1f5,Texas Rangers,Baltimore Orioles,0,-135.0,113.0,0.574468085106383,0.4694835680751174,0.5638966023921966,0.4361033976078033,-0.010571482714186398,-0.03338017046731406,False,False
186,77b98c6233cb4f76fc33c6dfd3b6e445,Houston Astros,Detroit Tigers,0,-230.0,190.0,0.696969696969697,0.3448275862068966,0.6451804935932159,0.354819506406784,-0.051789203376481074,0.009991920199887427,False,False
188,95d4565d1ad61c8d9bfa8eaf3de8ba35,San Diego Padres,Arizona Diamondbacks,0,-140.0,117.0,0.5833333333333334,0.4608294930875576,0.5638966023921966,0.4361033976078033,-0.019436730941136737,-0.024726095479754295,False,False
189,e27833876e06debacb58be778c286b98,Oakland Athletics,Cleveland Guardians,0,130.0,-155.0,0.4347826086956521,0.6078431372549019,0.3780214130878448,0.6219785869121551,-0.05676119560780729,0.014135449657253218,False,True
190,2454320a2a280dcd300e7d2288e4d66b,Seattle Mariners,Los Angeles Angels,0,-140.0,117.0,0.5833333333333334,0.4608294930875576,0.5721251249313355,0.4278748750686645,-0.011208208401997877,-0.0329546180188931,False,False
191,d512ddbba5bef1040b24e094a907672d,Los Angeles Dodgers,Colorado Rockies,1,-250.0,205.0,0.7142857142857143,0.3278688524590163,0.6687599182128906,0.3312400817871094,-0.0455257960728237,0.003371229328093084,False,False
212,ada796a5786e23a2953ae903bab1e32a,San Diego Padres,Arizona Diamondbacks,0,-145.0,122.0,0.5918367346938775,0.4504504504504504,0.5412027657032012,0.4587972342967987,-0.05063396899067629,0.008346783846348294,False,False
213,e7cff8645c98d8e7a24b6e02b0023444,Cincinnati Reds,Chicago Cubs,0,113.0,-135.0,0.4694835680751174,0.574468085106383,0.4399910867214203,0.5600089132785797,-0.029492481353697086,-0.014459171827803319,False,False
214,13683fa80f34528632479ac8d044bd34,Miami Marlins,Minnesota Twins,1,-143.0,120.0,0.588477366255144,0.4545454545454545,0.5412027657032012,0.4587972342967987,-0.04727460055194277,0.00425177975134422,False,False
215,edc6dd8ebfc0dd4e1440076723a0cc73,New York Yankees,Philadelphia Phillies,0,-153.0,128.0,0.6047430830039525,0.4385964912280701,0.5412027657032012,0.4587972342967987,-0.06354031730075127,0.0202007430687286,False,True
216,9e0d5f923424651e4835421d4c48db29,Washington Nationals,Tampa Bay Rays,0,143.0,-174.0,0.411522633744856,0.635036496350365,0.3605248689651489,0.6394751310348511,-0.05099776477970708,0.004438634684486131,False,False
217,981d9f50b6e38daf468565ab1ef37a60,Boston Red Sox,Pittsburgh Pirates,0,-143.0,120.0,0.588477366255144,0.4545454545454545,0.5412027657032012,0.4587972342967987,-0.04727460055194277,0.00425177975134422,False,False
218,1431a12c57365dd31b76e3878c63e053,Kansas City Royals,Toronto Blue Jays,0,142.0,-172.0,0.4132231404958678,0.6323529411764706,0.3629721343517303,0.6370278656482696,-0.05025100614413747,0.004674924471799069,False,False
219,519614565de31dad73884138ce1b7f5e,Milwaukee Brewers,New York Mets,1,134.0,-160.0,0.4273504273504273,0.6153846153846154,0.3687896162271499,0.63121038377285,-0.05856081112327738,0.015825768388234573,False,True
220,d1dd3fcf5592da4999f87d6b52c15f16,St. Louis Cardinals,Atlanta Braves,0,-136.0,114.0,0.576271186440678,0.4672897196261682,0.5427066683769226,0.4572933316230774,-0.03356451806375538,-0.009996388003090828,False,False
222,cbab5d3106d100192e603e5ad48ed620,Texas Rangers,Baltimore Orioles,1,-125.0,105.0,0.5555555555555556,0.4878048780487805,0.5427066683769226,0.4572933316230774,-0.012848887178632973,-0.030511546425703084,False,False
224,79d43aa1bd47e74352027de5ff64cc46,Houston Astros,Detroit Tigers,1,-290.0,230.0,0.7435897435897436,0.303030303030303,0.6599053680896759,0.3400946319103241,-0.08368437550006769,0.03706432888002109,False,True
226,4725805379b946ca20731a59426274ee,Oakland Athletics,Cleveland Guardians,0,165.0,-200.0,0.3773584905660377,0.6666666666666666,0.3652516722679138,0.6347483277320862,-0.012106818298123934,-0.031918338934580404,False,False
228,636bf31b1ae2e7c485e665371c8f068e,Seattle Mariners,Los Angeles Angels,0,-170.0,141.0,0.6296296296296297,0.4149377593360996,0.5421631217002869,0.4578368782997131,-0.08746650792934274,0.04289911896361348,False,True
229,747e7b00728d43941d20a667c4d0411b,Los Angeles Dodgers,Colorado Rockies,1,-260.0,210.0,0.7222222222222222,0.3225806451612903,0.604622232913971,0.395377767086029,-0.11759998930825122,0.0727971219247387,False,True
245,470df4c2544843a7d5d4c6df8cc9ab53,New York Yankees,Philadelphia Phillies,1,-163.0,137.0,0.6197718631178707,0.4219409282700422,0.5984294056892395,0.4015705943107605,-0.021342457428631167,-0.020370333959281728,False,False
246,0c2e85e73fb77c8028b8478a8e4a1557,Washington Nationals,Tampa Bay Rays,0,210.0,-260.0,0.3225806451612903,0.7222222222222222,0.3655081570148468,0.6344918429851532,0.04292751185355648,-0.08773037923706906,True,False
247,56e45056799e11e67d6d7276131d0330,Miami Marlins,Minnesota Twins,1,-125.0,105.0,0.5555555555555556,0.4878048780487805,0.5236699104309082,0.4763300895690918,-0.03188564512464742,-0.011474788479688691,False,False
248,b733334fd50293148b057b8e05507882,St. Louis Cardinals,Atlanta Braves,0,-130.0,108.0,0.5652173913043478,0.4807692307692308,0.5520164728164673,0.4479835271835327,-0.01320091848788052,-0.0327857035856981,False,False
249,c8954b9fe73aa06def74e69cb58f3b6b,Boston Red Sox,Pittsburgh Pirates,0,-150.0,126.0,0.6,0.4424778761061947,0.5608530342578888,0.4391469657421112,-0.039146965742111184,-0.003330910364083506,False,False
250,31d4a353d8faad4ccb5c73b7c5fcba45,Milwaukee Brewers,New York Mets,1,-135.0,113.0,0.574468085106383,0.4694835680751174,0.5533069550991059,0.4466930449008942,-0.02116113000727715,-0.0227905231742232,False,False
252,5f65edc5c888b4cd6cef9b366249c4b6,Texas Rangers,Baltimore Orioles,1,-190.0,156.0,0.6551724137931034,0.390625,0.5757210433483124,0.4242789566516876,-0.079451370444791,0.03365395665168758,False,True
253,69d2389ec1d35f679f947d3d216ecd85,Chicago White Sox,San Francisco Giants,1,-140.0,117.0,0.5833333333333334,0.4608294930875576,0.5505116820335388,0.4494883179664611,-0.03282165129979453,-0.011341175121096503,False,False
255,5b79f084720e300b5de3834cc14a709e,Houston Astros,Detroit Tigers,1,-270.0,220.0,0.7297297297297297,0.3125,0.6473181366920471,0.3526818633079528,-0.08241159303768264,0.040181863307952814,False,True
257,a39fb73e58c3157a9340591877239781,Oakland Athletics,Cleveland Guardians,0,108.0,-130.0,0.4807692307692308,0.5652173913043478,0.4910633623600006,0.5089366376399994,0.010294131590769806,-0.05628075366434837,True,False
259,ab3dc3eb06314dad7e5a903e4652ab59,Seattle Mariners,Los Angeles Angels,0,126.0,-150.0,0.4424778761061947,0.6,0.3846192926168442,0.6153807073831559,-0.057858583489350524,0.01538070738315589,False,True
260,0337090e7664398cbe690dbb8adb3668,Kansas City Royals,Toronto Blue Jays,0,148.0,-180.0,0.4032258064516129,0.6428571428571429,0.3655081570148468,0.6344918429851532,-0.03771764943676609,-0.008365299871989751,False,False
265,6a27515b00a705dbd7b57bb94e89498a,Detroit Tigers,Boston Red Sox,0,122.0,-145.0,0.4504504504504504,0.5918367346938775,0.3833600372076035,0.6166399627923965,-0.06709041324284692,0.02480322809851898,False,True
266,9d46c5ab8091bb5105649f60f5ea7972,Chicago White Sox,San Francisco Giants,0,-140.0,117.0,0.5833333333333334,0.4608294930875576,0.5505116820335388,0.4494883179664611,-0.03282165129979453,-0.011341175121096503,False,False
267,cadcc7355209e6f03dc628e7014502fd,Kansas City Royals,Toronto Blue Jays,0,170.0,-210.0,0.3703703703703703,0.6774193548387096,0.3655081570148468,0.6344918429851532,-0.004862213355523504,-0.04292751185355648,False,False
268,2f905522b3d452e4af0b6da0318285c3,Colorado Rockies,Washington Nationals,1,-160.0,134.0,0.6153846153846154,0.4273504273504273,0.5505116820335388,0.4494883179664611,-0.06487293335107658,0.02213789061603383,False,True
269,003e9267b07d1cf727343b3837b78330,Atlanta Braves,San Diego Padres,1,-165.0,139.0,0.6226415094339622,0.4184100418410041,0.5959859430789948,0.4040140569210052,-0.026655566354967464,-0.014395984919998883,False,False
270,5785ea969f965c53d57c42150293fc87,Arizona Diamondbacks,Los Angeles Dodgers,0,130.0,-155.0,0.4347826086956521,0.6078431372549019,0.3812383145093918,0.6187616854906082,-0.05354429418626033,0.01091854823570626,False,True
281,3a6b557410bf714eb2bc8a723f68a650,New York Mets,Miami Marlins,1,-185.0,153.0,0.6491228070175439,0.3952569169960474,0.5841976463794708,0.4158023536205292,-0.06492516063807308,0.020545436624481772,False,True
282,4a113a738973dea30bef81e7c7dd7748,Chicago Cubs,Texas Rangers,1,-125.0,105.0,0.5555555555555556,0.4878048780487805,0.5587379574775696,0.4412620425224304,0.003182401922014022,-0.04654283552635008,False,False
283,45d9f11565a08e5c6e0b4def858f7c3f,Baltimore Orioles,New York Yankees,1,111.0,-133.0,0.4739336492890995,0.5708154506437768,0.4949613213539123,0.5050386786460876,0.02102767206481282,-0.06577677199768917,True,False
284,bfeff613c35a44271428739727a8d769,Philadelphia Phillies,Cincinnati Reds,1,-200.0,165.0,0.6666666666666666,0.3773584905660377,0.5757210433483124,0.4242789566516876,-0.09094562331835421,0.04692046608564987,False,True
285,2612172485e1016c92ee7daf22bee80e,Cleveland Guardians,Seattle Mariners,0,-125.0,105.0,0.5555555555555556,0.4878048780487805,0.5587379574775696,0.4412620425224304,0.003182401922014022,-0.04654283552635008,False,False
286,1e05922c328a55f8a560e39d9f7eb2d8,Minnesota Twins,Houston Astros,1,-130.0,108.0,0.5652173913043478,0.4807692307692308,0.5520164728164673,0.4479835271835327,-0.01320091848788052,-0.0327857035856981,False,False
287,9899ffc26e03857f2e66e3737492f036,Pittsburgh Pirates,Chicago White Sox,1,120.0,-143.0,0.4545454545454545,0.588477366255144,0.4335609614849091,0.5664390385150909,-0.020984493060545395,-0.0220383277400531,False,False
288,c6c4f5f80226878dd11793f35e5c50c6,San Francisco Giants,Kansas City Royals,0,-190.0,156.0,0.6551724137931034,0.390625,0.5861317694187165,0.4138682305812836,-0.06904064437438695,0.02324323058128358,False,True
289,178e901cb3469814353d71b5ba505e17,Tampa Bay Rays,Oakland Athletics,1,-250.0,205.0,0.7142857142857143,0.3278688524590163,0.6561816811561585,0.3438183188438415,-0.05810403312955581,0.015949466384825195,False,True
290,b263e52babac39b41cbb339895ae73fc,Atlanta Braves,San Diego Padres,0,-130.0,108.0,0.5652173913043478,0.4807692307692308,0.5643047869205475,0.4356952130794525,-0.0009126043838002529,-0.045074017689778256,False,False
292,06def109a0abb48ab8900cacda8b177f,Milwaukee Brewers,St. Louis Cardinals,0,-170.0,141.0,0.6296296296296297,0.4149377593360996,0.6057679355144501,0.3942320644855499,-0.023861694115179577,-0.020705694850549683,False,False
293,150cf669d4f9b11f4be6b84e96fe74f2,Colorado Rockies,Washington Nationals,0,-125.0,105.0,0.5555555555555556,0.4878048780487805,0.5643047869205475,0.4356952130794525,0.00874923136499195,-0.05210966496932795,False,False
294,62d424ccfe844fb1d5ae805c6c1db657,Los Angeles Angels,Toronto Blue Jays,0,-128.0,107.0,0.5614035087719298,0.4830917874396135,0.5710262715816498,0.4289737284183502,0.009622762809719965,-0.05411805902126332,False,False
295,e16842f597261439a360e06db3881db8,Arizona Diamondbacks,Los Angeles Dodgers,1,185.0,-225.0,0.3508771929824561,0.6923076923076923,0.3696287453174591,0.6303712546825408,0.018751552335002974,-0.06193643762515144,True,False
314,c66ebf4fa62a6b53ccaefac35389cdbd,Minnesota Twins,Houston Astros,1,-115.0,-105.0,0.5348837209302325,0.5121951219512195,0.576617282629013,0.4233827173709869,0.04173356169878051,-0.0888124045802326,True,False
315,691cf4c540fff68a93a0e644c12aa9f4,Chicago Cubs,Texas Rangers,1,-123.0,103.0,0.5515695067264574,0.4926108374384236,0.5752214252948761,0.4247785747051239,0.02365191856841864,-0.06783226273329968,True,False
316,407d417cf9d75dadbe2a8b9f596d7b7f,Philadelphia Phillies,Cincinnati Reds,1,-145.0,122.0,0.5918367346938775,0.4504504504504504,0.562799996137619,0.437200003862381,-0.029036738556258546,-0.013250446588069398,False,False
317,37d43ae56580c0118144ef93da83590a,San Francisco Giants,Kansas City Royals,0,-140.0,117.0,0.5833333333333334,0.4608294930875576,0.562799996137619,0.437200003862381,-0.020533337195714374,-0.023629489225176603,False,False
318,546308e91b05ead2ad6e6db88f94c286,Detroit Tigers,Boston Red Sox,0,126.0,-150.0,0.4424778761061947,0.6,0.3905165523290634,0.6094834476709365,-0.05196132377713131,0.009483447670936562,False,False
319,777791008113e55c407917f08930eee8,New York Mets,Miami Marlins,1,-170.0,141.0,0.6296296296296297,0.4149377593360996,0.6652847111225129,0.3347152888774872,0.03565508149288321,-0.08022247045861242,True,False
320,ba24c0cbafd792f1112d82b5045299f9,Tampa Bay Rays,Oakland Athletics,1,-280.0,225.0,0.7368421052631579,0.3076923076923077,0.7054934144020081,0.2945065855979919,-0.031348690861149775,-0.013185722094315788,False,False
321,557f3cd9736e13855e12fe5ce401206b,Cleveland Guardians,Seattle Mariners,0,-140.0,117.0,0.5833333333333334,0.4608294930875576,0.562799996137619,0.437200003862381,-0.020533337195714374,-0.023629489225176603,False,False
322,f5dfc1e18834ee4cf71bdf2c105f0e7a,Pittsburgh Pirates,Chicago White Sox,0,108.0,-130.0,0.4807692307692308,0.5652173913043478,0.5009515523910523,0.4990484476089477,0.020182321621821486,-0.0661689436954001,True,False
323,9b11cac5d338c2c8ed5d832acd8d0beb,Baltimore Orioles,New York Yankees,0,110.0,-132.0,0.4761904761904761,0.5689655172413793,0.4401900589466095,0.5598099410533905,-0.0360004172438666,-0.00915557618798879,False,False
325,343992e10a92cd0fbde117a8df6dc950,Milwaukee Brewers,St. Louis Cardinals,0,122.0,-145.0,0.4504504504504504,0.5918367346938775,0.4316540986299514,0.5683459013700485,-0.01879635182049899,-0.023490833323829063,False,False
326,14d588ed065168937109c8ba5b1a7ba3,Atlanta Braves,San Diego Padres,0,-164.0,138.0,0.6212121212121212,0.4201680672268907,0.5891145229339599,0.41088547706604,-0.03209759827816128,-0.009282590160850701,False,False
328,866e7c5ce0064e925fa3342b78db7594,Arizona Diamondbacks,Los Angeles Dodgers,1,126.0,-150.0,0.4424778761061947,0.6,0.3851745098829269,0.6148254901170731,-0.057303366223267815,0.014825490117073126,False,True
330,45c1e177b73bab5aab14beececacd9b3,Colorado Rockies,Washington Nationals,1,-136.0,114.0,0.576271186440678,0.4672897196261682,0.562799996137619,0.437200003862381,-0.013471190303058989,-0.030089715763787217,False,False
332,3a86951c25a89921b5abfe75518f2960,Los Angeles Angels,Toronto Blue Jays,0,-118.0,-102.0,0.5412844036697247,0.504950495049505,0.576617282629013,0.4233827173709869,0.03533287895928827,-0.08156777767851803,True,False
350,945ad27c3274d618b3e88e4e137499b6,Philadelphia Phillies,Cincinnati Reds,0,-175.0,144.0,0.6363636363636364,0.4098360655737705,0.5861317694187165,0.4138682305812836,-0.05023186694491988,0.004032165007513078,False,False
351,acbccba1337fd15eb4be24b26f248350,Detroit Tigers,Boston Red Sox,0,-125.0,105.0,0.5555555555555556,0.4878048780487805,0.5419318914413452,0.4580681085586547,-0.013623664114210343,-0.02973676949012577,False,False
352,ccc93b7e0f3d4be45c98d98078d867eb,Tampa Bay Rays,Oakland Athletics,1,-310.0,250.0,0.7560975609756098,0.2857142857142857,0.7054934144020081,0.2945065855979919,-0.05060414657360168,0.008792299883706223,False,False
353,0f918014b9d8668fb6227a07d932a27a,Baltimore Orioles,New York Yankees,0,130.0,-155.0,0.4347826086956521,0.6078431372549019,0.3789947241544723,0.6210052758455277,-0.05578788454117983,0.01316213859062576,False,True
354,ea458fad62f3d8f5f425f6a32e949ede,Pittsburgh Pirates,Chicago White Sox,1,-102.0,-118.0,0.504950495049505,0.5412844036697247,0.543204951286316,0.4567950487136841,0.03825445623681101,-0.08448935495604065,True,False
355,4750ee3dba868811ccf9792eec903492,Cleveland Guardians,Seattle Mariners,1,105.0,-125.0,0.4878048780487805,0.5555555555555556,0.504849511384964,0.495150488615036,0.017044633336183557,-0.06040506694051956,True,False
356,a718064e33a3df61782dfd40ef219cdf,New York Mets,Miami Marlins,0,-154.0,129.0,0.6062992125984252,0.4366812227074236,0.6048445045948029,0.3951554954051971,-0.0014547080036223514,-0.04152572730222648,False,False
357,18b3a41550f6e9e877cfd7c7e80215ea,Minnesota Twins,Houston Astros,0,-108.0,-112.0,0.5192307692307693,0.5283018867924528,0.543204951286316,0.4567950487136841,0.02397418205554669,-0.07150683807876873,True,False
358,0fae2944e6da0006da7018a7c9125c76,Milwaukee Brewers,St. Louis Cardinals,1,-155.0,130.0,0.6078431372549019,0.4347826086956521,0.6034889876842499,0.3965110123157501,-0.004354149570652055,-0.03827159637990202,False,False
359,158f751dc42637b9c469a9caacf20ebf,Chicago Cubs,Texas Rangers,0,-108.0,-112.0,0.5192307692307693,0.5283018867924528,0.5292843759059906,0.4707156240940094,0.010053606675221372,-0.05758626269844341,True,False
361,4a895aa56263ad6d48511e7aba3a8bdc,Colorado Rockies,Washington Nationals,1,-143.0,120.0,0.588477366255144,0.4545454545454545,0.5695849478244781,0.4304150521755218,-0.018892418430665914,-0.02413040236993269,False,False
362,530c75b067e06f0743721f146fe14cfb,San Francisco Giants,Kansas City Royals,1,-165.0,139.0,0.6226415094339622,0.4184100418410041,0.6120989143848419,0.387901085615158,-0.010542595049120362,-0.030508956225846096,False,False
364,a49ed0f29c1b9067e4b3ff8c397cea65,Los Angeles Angels,Toronto Blue Jays,0,-130.0,108.0,0.5652173913043478,0.4807692307692308,0.5710522592067718,0.4289477407932281,0.005834867902424046,-0.051821489976002666,False,False
366,40104ebba9b6457df3bbf26c660c443e,Arizona Diamondbacks,Los Angeles Dodgers,1,113.0,-135.0,0.4694835680751174,0.574468085106383,0.4640944302082062,0.5359055697917938,-0.005389137866911198,-0.03856251531458921,False,False
367,99d23d6157941cc0bce61fd5eccd9a0d,Atlanta Braves,San Diego Padres,0,-125.0,105.0,0.5555555555555556,0.4878048780487805,0.5830479204654694,0.4169520795345306,0.027492364909913802,-0.07085279851424986,True,False
374,ac0e23abd9c23aa49e7e3a2b4feee08d,Minnesota Twins,Chicago White Sox,0,-103.0,-117.0,0.5073891625615764,0.5391705069124424,0.5160021483898163,0.4839978516101837,0.008612985828239883,-0.05517265530225868,False,False
375,282119b05ce8a1a4dc3e5d6c9f63f8f5,Cleveland Guardians,New York Yankees,1,-150.0,126.0,0.6,0.4424778761061947,0.5443053185939789,0.4556946814060211,-0.055694681406021074,0.013216805299826384,False,True
376,1aec069c63e0e96b762699a58044c4c2,Baltimore Orioles,Oakland Athletics,1,-185.0,153.0,0.6491228070175439,0.3952569169960474,0.587522166967392,0.412477833032608,-0.06160064005015187,0.017220916036560563,False,True
377,55ecc9763564b5aa5ff59deff7fd5322,Pittsburgh Pirates,Houston Astros,0,153.0,-185.0,0.3952569169960474,0.6491228070175439,0.3653914928436279,0.6346085071563721,-0.02986542415241955,-0.014514299861171809,False,False
378,061e02e1f761bc8e659b7e76417370c9,Tampa Bay Rays,Boston Red Sox,1,-160.0,134.0,0.6153846153846154,0.4273504273504273,0.593020623922348,0.406979376077652,-0.02236399146226742,-0.020371051272775276,False,False
379,ca9a134409538707cc2f8b6d018bac2a,Philadelphia Phillies,Miami Marlins,1,-102.0,-118.0,0.504950495049505,0.5412844036697247,0.5265100240707398,0.4734899759292602,0.021559529021234813,-0.06779442774046457,True,False
380,b143af445ade60de1b31da21b6c65207,New York Mets,San Diego Padres,1,-135.0,113.0,0.574468085106383,0.4694835680751174,0.5443053185939789,0.4556946814060211,-0.030162766512404127,-0.013788886669096279,False,False
381,eb6c43f0c2abf60b3079c7fcff03a31b,Atlanta Braves,Cincinnati Reds,1,-190.0,156.0,0.6551724137931034,0.390625,0.5799931585788727,0.4200068414211273,-0.07517925521423074,0.02938184142112732,False,True
382,b73a0fedc7d2b802b61661b8df466c42,Chicago Cubs,Seattle Mariners,1,139.0,-165.0,0.4184100418410041,0.6226415094339622,0.3950456112623214,0.6049543887376785,-0.023364430578682704,-0.017687120696283753,False,False
383,b1583ac4700cd5f7800d9c1784d2feea,Texas Rangers,Kansas City Royals,1,-170.0,141.0,0.6296296296296297,0.4149377593360996,0.587522166967392,0.412477833032608,-0.04210746266223764,-0.002459926303491622,False,False
384,6ebdefdfa9fb86feffcee9d587315166,Colorado Rockies,St. Louis Cardinals,1,126.0,-150.0,0.4424778761061947,0.6,0.3885824769735336,0.6114175230264663,-0.053895399132661115,0.01141752302646637,False,True
385,d8c7cca42c07ca12eea12ad3a0c97c99,Los Angeles Angels,Washington Nationals,0,-260.0,210.0,0.7222222222222222,0.3225806451612903,0.6566980957984925,0.3433019042015076,-0.06552412642372973,0.020721259040217266,False,True
386,7a9bde029fa43f743b10d904106999a6,Arizona Diamondbacks,Milwaukee Brewers,1,-145.0,122.0,0.5918367346938775,0.4504504504504504,0.5443053185939789,0.4556946814060211,-0.04753141609989864,0.0052442309555706945,False,False
387,12ebff950a76df4a1b767442a4960758,San Francisco Giants,Los Angeles Dodgers,0,134.0,-160.0,0.4273504273504273,0.6153846153846154,0.3672314077615738,0.6327685922384262,-0.06011901958885346,0.017383976853810768,False,True
404,9d7fb17c8becacdeaf4675bf4ddf789a,Cleveland Guardians,New York Yankees,0,141.0,-170.0,0.4149377593360996,0.6296296296296297,0.3620915621519088,0.6379084378480911,-0.05284619718419081,0.008278808218461498,False,False
405,16273ffee7b317dac96ee508c0d8112c,Baltimore Orioles,Oakland Athletics,1,-195.0,160.0,0.6610169491525424,0.3846153846153846,0.587522166967392,0.412477833032608,-0.07349478218515038,0.027862448417223407,False,True
406,4ac56de3dfebd3ebe4a5d85a97ad77f8,Pittsburgh Pirates,Houston Astros,1,148.0,-180.0,0.4032258064516129,0.6428571428571429,0.3811028182506561,0.6188971817493438,-0.02212298820095676,-0.023959961107799077,False,False
407,6ca321ffbbc696c55eeb903cd5d19742,Tampa Bay Rays,Boston Red Sox,1,-185.0,153.0,0.6491228070175439,0.3952569169960474,0.587522166967392,0.412477833032608,-0.06160064005015187,0.017220916036560563,False,True
408,ce190c0a8cd4e2f1a3515ce5ba630be9,Philadelphia Phillies,Miami Marlins,0,-155.0,130.0,0.6078431372549019,0.4347826086956521,0.593020623922348,0.406979376077652,-0.01482251333255391,-0.027803232618000107,False,False
409,d07e5eaad3cc5150016c78c6d7d13c9a,Toronto Blue Jays,Detroit Tigers,1,-280.0,225.0,0.7368421052631579,0.3076923076923077,0.7036702334880829,0.2963297665119171,-0.03317187177507497,-0.011362541180390595,False,False
410,94ab27ff62f3fba2a272702a3c64bcf9,New York Mets,San Diego Padres,0,-145.0,122.0,0.5918367346938775,0.4504504504504504,0.5443053185939789,0.4556946814060211,-0.04753141609989864,0.0052442309555706945,False,False
411,c2c5f789890c5d89f48bfccb9c52f207,Atlanta Braves,Cincinnati Reds,1,-230.0,190.0,0.696969696969697,0.3448275862068966,0.6664337456226349,0.3335662543773651,-0.030535951347062107,-0.011261331829531485,False,False
412,5911a543bf4b3f5ed7a117c8a9881aa0,Chicago Cubs,Seattle Mariners,1,-108.0,-112.0,0.5192307692307693,0.5283018867924528,0.5583376824855805,0.4416623175144195,0.03910691325481119,-0.08663956927803335,True,False
413,0dc9f8a28d1f8f4353ac98642a89ae36,Minnesota Twins,Chicago White Sox,1,-152.0,127.0,0.6031746031746031,0.4405286343612334,0.6666740238666534,0.3333259761333466,0.06349942069205028,-0.10720265822788683,True,False
414,3fbe0b6842d5039c449389bef587d5a6,Texas Rangers,Kansas City Royals,1,-280.0,225.0,0.7368421052631579,0.3076923076923077,0.7036702334880829,0.2963297665119171,-0.03317187177507497,-0.011362541180390595,False,False
416,2c2f769533dfc3c21e43cfb86f420467,Colorado Rockies,St. Louis Cardinals,0,141.0,-170.0,0.4149377593360996,0.6296296296296297,0.3672314077615738,0.6327685922384262,-0.047706351574525796,0.003138962608796536,False,False
418,7f066badf0d4be4edf24f5c7c05331d9,Los Angeles Angels,Washington Nationals,1,-310.0,250.0,0.7560975609756098,0.2857142857142857,0.7036702334880829,0.2963297665119171,-0.052427327487526876,0.010615480797631416,False,True
420,55aca8d0dc26fa6c8b75c10afad88d71,Arizona Diamondbacks,Milwaukee Brewers,1,117.0,-140.0,0.4608294930875576,0.5833333333333334,0.4299728751182556,0.5700271248817443,-0.030856617969302003,-0.01330620845158903,False,False
421,27315a7eda2ced37dd77a1992a21c56d,San Francisco Giants,Los Angeles Dodgers,1,134.0,-160.0,0.4273504273504273,0.6153846153846154,0.372662290930748,0.627337709069252,-0.05468813641967929,0.011953093684636595,False,True
437,73d1c521df85154205d3fb84ade0d73f,Pittsburgh Pirates,Houston Astros,0,141.0,-170.0,0.4149377593360996,0.6296296296296297,0.3439202487468719,0.656079751253128,-0.07101751058922773,0.026450121623498357,False,True
438,cb18af2189532bf5fa3b922d535428bc,Minnesota Twins,Chicago White Sox,1,-165.0,139.0,0.6226415094339622,0.4184100418410041,0.649446439743042,0.350553560256958,0.02680493030907971,-0.06785648158404611,True,False
439,1aedc6e60d70f4b61d79ad21b5459b43,Cleveland Guardians,New York Yankees,0,-125.0,105.0,0.5555555555555556,0.4878048780487805,0.4865524291992187,0.5134475708007813,-0.06900312635633687,0.025642692752000817,False,True
440,9b426156d4ce72fdb3bead05516793d6,New York Mets,San Diego Padres,1,-110.0,-110.0,0.5238095238095238,0.5238095238095238,0.5373524725437164,0.4626475274562835,0.013542948734192595,-0.06116199635324032,True,False
441,d6981f51f86d228475d48ecc8d77f339,Chicago Cubs,Seattle Mariners,0,-110.0,-110.0,0.5238095238095238,0.5238095238095238,0.4819363832473755,0.5180636167526245,-0.04187314056214836,-0.005745907056899369,False,False
443,18f1c2f50977794a3d3b5ab865428378,Colorado Rockies,St. Louis Cardinals,0,148.0,-180.0,0.4032258064516129,0.6428571428571429,0.3278867393732071,0.6721132606267929,-0.07533906707840576,0.02925611776964998,False,True
445,b2e88832dc4ad87d54f000ad7483de3a,Arizona Diamondbacks,Milwaukee Brewers,1,-125.0,105.0,0.5555555555555556,0.4878048780487805,0.4766128420829773,0.5233871579170227,-0.07894271347257831,0.03558227986824225,False,True
446,375dc1a5334c5371a2bed134d43e2d0f,Philadelphia Phillies,Miami Marlins,0,-192.0,157.0,0.6575342465753424,0.3891050583657587,0.5570056974887848,0.4429943025112152,-0.10052854908655762,0.05388924414545648,False,True
448,4e52a2934c276dee9b141fe0ce5a1793,Los Angeles Angels,Washington Nationals,1,-175.0,144.0,0.6363636363636364,0.4098360655737705,0.5653857827186585,0.4346142172813415,-0.07097785364497788,0.024778151707570972,False,True
449,76f1262561d3847e8af6424d24b57fe3,Baltimore Orioles,Oakland Athletics,0,-180.0,148.0,0.6428571428571429,0.4032258064516129,0.5792070388793945,0.4207929611206055,-0.0636501039777484,0.017567154668992613,False,True
450,cf075d4192c7056022edb9abd8414457,Tampa Bay Rays,Boston Red Sox,1,-135.0,113.0,0.574468085106383,0.4694835680751174,0.5241246283054352,0.4758753716945648,-0.05034345680094787,0.0063918036194474115,False,False
451,e275300e26af87937a1907b81966fdcf,Toronto Blue Jays,Detroit Tigers,1,-280.0,225.0,0.7368421052631579,0.3076923076923077,0.6936777174472809,0.3063222825527191,-0.04316438781587695,-0.0013700251395886154,False,False
452,0c0d4529fcea1301e1425cd364476dcc,Atlanta Braves,Cincinnati Reds,1,-260.0,210.0,0.7222222222222222,0.3225806451612903,0.6936777174472809,0.3063222825527191,-0.028544504774941304,-0.01625836260857122,False,False
453,89b6cdecf1a34de97127f39b7b08d769,Texas Rangers,Kansas City Royals,0,-170.0,141.0,0.6296296296296297,0.4149377593360996,0.5791904628276825,0.4208095371723175,-0.050439166801947155,0.005871777836217895,False,False
454,a095ff8a091911a6865773eb0a554336,San Francisco Giants,Los Angeles Dodgers,0,144.0,-175.0,0.4098360655737705,0.6363636363636364,0.3278867393732071,0.6721132606267929,-0.08194932620056339,0.03574962426315653,False,True
458,cd31c456b80313a6ff4ba77ed57c258d,Baltimore Orioles,Oakland Athletics,1,-225.0,185.0,0.6923076923076923,0.3508771929824561,0.6503461062908172,0.3496538937091827,-0.04196158601687505,-0.001223299273273415,False,False
459,5a4d24e063a76ea4c27f6e530d157753,Tampa Bay Rays,Boston Red Sox,1,-220.0,180.0,0.6875,0.3571428571428571,0.6385524153709412,0.3614475846290588,-0.048947584629058793,0.004304727486201698,False,False
460,571ab0e1940a646be7ca53d14273a5fb,Cincinnati Reds,Philadelphia Phillies,1,-125.0,105.0,0.5555555555555556,0.4878048780487805,0.5373524725437164,0.4626475274562835,-0.01820308301183915,-0.025157350592496963,False,False
461,2bf87d2a588be5d6ebd818e2d8c71096,New York Yankees,Minnesota Twins,0,-150.0,126.0,0.6,0.4424778761061947,0.5226173460483551,0.4773826539516449,-0.0773826539516449,0.03490477784545021,False,True
462,a64eed6ab7350711d592e6e6d1ae3b1c,Toronto Blue Jays,Detroit Tigers,0,-240.0,195.0,0.7058823529411765,0.3389830508474576,0.6385524153709412,0.3614475846290588,-0.06732993757023531,0.02246453378160118,False,True
463,549d3b981322871ccbe3db7c70486054,St. Louis Cardinals,Pittsburgh Pirates,0,-260.0,210.0,0.7222222222222222,0.3225806451612903,0.6385524153709412,0.3614475846290588,-0.083669806851281,0.03886693946776848,False,True
481,e7a2975f1ff69793784e8727efc0e434,Miami Marlins,Arizona Diamondbacks,1,-160.0,134.0,0.6153846153846154,0.4273504273504273,0.5226173460483551,0.4773826539516449,-0.09276726933626034,0.050032226601217644,False,True
482,75680ef1ba10e4b578b220d75fad0744,Cincinnati Reds,Philadelphia Phillies,0,126.0,-150.0,0.4424778761061947,0.6,0.3435916528105736,0.6564083471894264,-0.09888622329562113,0.056408347189426444,False,True
483,573dc5e13efd8e63aa12860ea47daa75,Detroit Tigers,San Francisco Giants,1,126.0,-150.0,0.4424778761061947,0.6,0.3640581667423248,0.6359418332576752,-0.07841970936386994,0.03594183325767519,False,True
484,c0aa29f99522ac61b0a0efb50fb6e7af,Washington Nationals,Cleveland Guardians,0,130.0,-155.0,0.4347826086956521,0.6078431372549019,0.3312319621443748,0.6687680378556251,-0.10355064655127733,0.0609249006007232,False,True
485,09a7add5dd9e8df489cbb9c47e462bcc,New York Yankees,Minnesota Twins,0,-195.0,160.0,0.6610169491525424,0.3846153846153846,0.5076302528381348,0.4923697471618652,-0.1533866963144076,0.10775436254648063,False,True
486,eeb41f02812bb05fd97b2e71541f122a,Toronto Blue Jays,Tampa Bay Rays,1,122.0,-145.0,0.4504504504504504,0.5918367346938775,0.3734837681055069,0.6265162318944931,-0.07696668234494353,0.03467949720061558,False,True
487,2314f33f30837c7e4308e494b1065bf6,Chicago White Sox,Baltimore Orioles,0,103.0,-123.0,0.4926108374384236,0.5515695067264574,0.4918759703636169,0.508124029636383,-0.0007348670748066888,-0.0434454770900744,False,False
488,2a89593e18f17f5616056175e61f3b89,Boston Red Sox,Los Angeles Angels,1,-125.0,105.0,0.5555555555555556,0.4878048780487805,0.4918759703636169,0.508124029636383,-0.06367958519193867,0.020319151587602557,False,True
490,f47946eb897a49c82f92e1d08e405e06,Kansas City Royals,Atlanta Braves,0,120.0,-143.0,0.4545454545454545,0.588477366255144,0.3606176197528839,0.6393823802471161,-0.09392783479257055,0.050905013991972115,False,True
492,08ce99f0cc634bf7daf0978a44a25edd,Houston Astros,Texas Rangers,1,-162.0,136.0,0.6183206106870229,0.423728813559322,0.513884323835373,0.4861156761646271,-0.10443628685164996,0.06238686260530507,False,True
494,eb389f3f97d65f6b518b4b600a87329f,St. Louis Cardinals,Pittsburgh Pirates,0,-170.0,141.0,0.6296296296296297,0.4149377593360996,0.513884323835373,0.4861156761646271,-0.11574530579425668,0.07117791682852748,False,True
496,a6d590028af05800c321eb0409ef9e24,San Diego Padres,Milwaukee Brewers,1,-165.0,139.0,0.6226415094339622,0.4184100418410041,0.515391606092453,0.484608393907547,-0.10724990334150919,0.0661983520665429,False,True
498,cbd9172976a10df2ade74fac210c063a,Oakland Athletics,New York Mets,0,185.0,-225.0,0.3508771929824561,0.6923076923076923,0.3276120752096176,0.6723879247903823,-0.023265117772838517,-0.01991976751730995,False,False
499,5eed132bd6a80788fb9e407db215307c,Los Angeles Dodgers,Chicago Cubs,0,-170.0,141.0,0.6296296296296297,0.4149377593360996,0.513884323835373,0.4861156761646271,-0.11574530579425668,0.07117791682852748,False,True
500,8d00b3d7cb112e0431a40884f305acdf,Seattle Mariners,Colorado Rockies,1,-178.0,146.0,0.6402877697841727,0.4065040650406504,0.513884323835373,0.4861156761646271,-0.1264034459487997,0.07961161112397669,False,True
519,a2054166a889c94f361bcd84d6f775a8,New York Yankees,Minnesota Twins,1,-140.0,117.0,0.5833333333333334,0.4608294930875576,0.5254219770431519,0.4745780229568481,-0.057911356290181515,0.013748529869290482,False,True
520,15415eae7215127bfa191e6fa1d3dc59,Chicago White Sox,Baltimore Orioles,1,-102.0,-118.0,0.504950495049505,0.5412844036697247,0.4918759703636169,0.508124029636383,-0.013074524685888045,-0.03316037403334171,False,False
522,32ffb256e047d36cfbcefae8ab541e19,St. Louis Cardinals,Pittsburgh Pirates,0,-200.0,165.0,0.6666666666666666,0.3773584905660377,0.5570056974887848,0.4429943025112152,-0.10966096917788182,0.06563581194517748,False,True
523,c14ac4fd3905e7259887a92a76c8409e,Toronto Blue Jays,Tampa Bay Rays,1,-115.0,-105.0,0.5348837209302325,0.5121951219512195,0.5373524725437164,0.4626475274562835,0.0024687516134839216,-0.04954759449493601,False,False
524,bbc2ed543951e00908e03f6ac1d76670,Washington Nationals,Cleveland Guardians,0,141.0,-170.0,0.4149377593360996,0.6296296296296297,0.3278867393732071,0.6721132606267929,-0.0870510199628925,0.042483630997163235,False,True
526,4ed4d370a355218347d2956c2e673031,San Diego Padres,Milwaukee Brewers,1,-130.0,108.0,0.5652173913043478,0.4807692307692308,0.5241246283054352,0.4758753716945648,-0.041092762998912624,-0.004893859074665996,False,False
528,e2b147ba010a9ffa39cdd09f22735d73,Oakland Athletics,New York Mets,0,153.0,-185.0,0.3952569169960474,0.6491228070175439,0.3278867393732071,0.6721132606267929,-0.06737017762284031,0.022990453609249006,False,True
529,67efda48d22a3adfa6478ea6b8d8eca6,Miami Marlins,Arizona Diamondbacks,1,-132.0,110.0,0.5689655172413793,0.4761904761904761,0.5254219770431519,0.4745780229568481,-0.04354354019822748,-0.0016124532336280195,False,False
531,fe371a4d4a229a9b11996e437dfad888,Kansas City Royals,Atlanta Braves,0,117.0,-140.0,0.4608294930875576,0.5833333333333334,0.3581974864006042,0.6418025135993958,-0.10263200668695338,0.058469180266062404,False,True
532,0093ec0e751865f849dd59c596f8f7c2,Boston Red Sox,Los Angeles Angels,1,-105.0,-115.0,0.5121951219512195,0.5348837209302325,0.4902589440345764,0.5097410559654236,-0.021936177916643096,-0.02514266496480888,False,False
533,77b32577c730fc5c1787d306bc7e4f77,Cincinnati Reds,Philadelphia Phillies,1,-115.0,-105.0,0.5348837209302325,0.5121951219512195,0.4819363832473755,0.5180636167526245,-0.05294733768285703,0.005868494801404944,False,False
535,72233672f4b67fe6d05fcb5ca37d12b5,Houston Astros,Texas Rangers,1,-180.0,148.0,0.6428571428571429,0.4032258064516129,0.5570056974887848,0.4429943025112152,-0.08585144536835809,0.03976849605960231,False,True
537,a2e12f511c993c53acb4fd3bb0f81fac,Los Angeles Dodgers,Chicago Cubs,0,-160.0,134.0,0.6153846153846154,0.4273504273504273,0.5742420971393585,0.4257579028606414,-0.04114251824525694,-0.0015925244897858626,False,False
539,22c028edef86811106019e9b105ec43e,Seattle Mariners,Colorado Rockies,1,-250.0,205.0,0.7142857142857143,0.3278688524590163,0.6385524153709412,0.3614475846290588,-0.0757332989147731,0.03357873217004248,False,True
553,f01504573e9fd008407e79dfc14d668d,Boston Red Sox,Los Angeles Angels,1,-110.0,-110.0,0.5238095238095238,0.5238095238095238,0.4912396848201751,0.5087603151798248,-0.03256983898934873,-0.015049208629699051,False,False
554,89a9dc724d423c258d0032153e6cdfd9,Washington Nationals,Cleveland Guardians,1,195.0,-240.0,0.3389830508474576,0.7058823529411765,0.3198532491922378,0.6801467508077621,-0.019129801655219825,-0.025735602133414415,False,False
555,b412ad2d3971065d0c6a4f408ac98883,New York Yankees,Minnesota Twins,1,-160.0,134.0,0.6153846153846154,0.4273504273504273,0.5364811301231385,0.4635188698768616,-0.07890348526147695,0.03616844252643431,False,True
556,ef6d006c4b9fa651e4c2781e9b32da0b,Toronto Blue Jays,Tampa Bay Rays,0,105.0,-125.0,0.4878048780487805,0.5555555555555556,0.403859269618988,0.596140730381012,-0.08394560842979248,0.04058517482545643,False,True
557,f66100d63ecdb2bcbaa77e2c3ba28c21,Miami Marlins,Arizona Diamondbacks,0,-125.0,105.0,0.5555555555555556,0.4878048780487805,0.4660134017467499,0.5339865982532501,-0.0895421538088057,0.046181720204469645,False,True
558,1ae8f8a5c67b12cea2103a32e49f80f2,Cincinnati Reds,Philadelphia Phillies,0,156.0,-190.0,0.390625,0.6551724137931034,0.3132910937070846,0.6867089062929154,-0.07733390629291542,0.03153649249981194,False,True
559,e57905c4b913310ef4c35c4e5d5a8221,Kansas City Royals,Atlanta Braves,0,139.0,-165.0,0.4184100418410041,0.6226415094339622,0.3143040522933006,0.6856959477066994,-0.1041059895477035,0.06305443827273716,False,True
560,9b47a150257e5024dfdb6c2ca3e1ea87,Chicago White Sox,Baltimore Orioles,0,-143.0,120.0,0.588477366255144,0.4545454545454545,0.4573078334331512,0.5426921665668487,-0.13116953282199284,0.08814671202139424,False,True
561,03e538749ae292fbd788e683bfec6ed6,St. Louis Cardinals,Pittsburgh Pirates,1,-175.0,144.0,0.6363636363636364,0.4098360655737705,0.5083407819271087,0.4916592180728912,-0.1280228544365276,0.0818231524991207,False,True
562,aa03fea0cd8e519cd2f9e1b345c52a23,Oakland Athletics,New York Mets,0,141.0,-170.0,0.4149377593360996,0.6296296296296297,0.3143040522933006,0.6856959477066994,-0.100633707042799,0.05606631807706974,False,True
564,ab53c1c8b821c0df4a6a45342b14a542,Los Angeles Dodgers,Chicago Cubs,0,-240.0,195.0,0.7058823529411765,0.3389830508474576,0.5895811021327972,0.4104188978672027,-0.11630125080837928,0.07143584701974509,False,True
566,7e0d6bcf767493093d1fb30e74fb69e8,Seattle Mariners,Colorado Rockies,1,-300.0,240.0,0.75,0.2941176470588235,0.6742990255355835,0.3257009744644165,-0.07570097446441648,0.031583327405593,False,True
567,03aaacdbfaeefbad828c09e8030fcab4,San Diego Padres,Milwaukee Brewers,0,-170.0,141.0,0.6296296296296297,0.4149377593360996,0.4844448864459991,0.5155551135540009,-0.14518474318363056,0.10061735421790124,False,True
568,311f7d94024860de178459700d412aea,Houston Astros,Texas Rangers,0,-200.0,165.0,0.6666666666666666,0.3773584905660377,0.4757489621639251,0.5242510378360749,-0.19091770450274154,0.14689254727003714,False,True
572,97c89271c8dc2fbf57c353e0d0b9743c,Boston Red Sox,Los Angeles Angels,0,148.0,-180.0,0.4032258064516129,0.6428571428571429,0.3132910937070846,0.6867089062929154,-0.0899347127445283,0.04385176343577246,False,True
573,56212a972a920937d87cd19729a0af90,Cincinnati Reds,Tampa Bay Rays,1,122.0,-145.0,0.4504504504504504,0.5918367346938775,0.332331445813179,0.667668554186821,-0.11811900463727137,0.07583181949294349,False,True
574,3ea95eb0d1e62e49e9b7f962eae7bec6,Miami Marlins,San Francisco Giants,1,-125.0,105.0,0.5555555555555556,0.4878048780487805,0.4440895795822143,0.5559104204177856,-0.11146597597334129,0.06810554236900512,False,True
575,f39603a875124a8b9dff3d2f53c88c08,Kansas City Royals,Texas Rangers,0,170.0,-210.0,0.3703703703703703,0.6774193548387096,0.3132910937070846,0.6867089062929154,-0.057079276663285716,0.009289551454205736,False,False
576,5d2e0086ef05f2579bbd1976f3e7c25d,St. Louis Cardinals,Arizona Diamondbacks,0,-160.0,134.0,0.6153846153846154,0.4273504273504273,0.4909703850746155,0.5090296149253846,-0.12441423030999993,0.08167918757495729,False,True
577,d34db4224064b02e92d481983b862e46,Houston Astros,Toronto Blue Jays,1,105.0,-125.0,0.4878048780487805,0.5555555555555556,0.4409262061119079,0.5590737938880921,-0.04687867193687256,0.003518238332536505,False,False
578,4b62477b0f80688726657267b2f8be32,Colorado Rockies,Pittsburgh Pirates,0,-140.0,117.0,0.5833333333333334,0.4608294930875576,0.4427218317985534,0.5572781682014465,-0.14061150153477997,0.09644867511388888,False,True
579,95093a4da2ae173de626bb41d7ae4746,San Diego Padres,Atlanta Braves,0,130.0,-155.0,0.4347826086956521,0.6078431372549019,0.3143040522933006,0.6856959477066994,-0.1204785564023515,0.07785281045179748,False,True
580,fa98fc2e9d1959bf4a270b71e681440f,Oakland Athletics,Chicago Cubs,0,126.0,-150.0,0.4424778761061947,0.6,0.3348573625087738,0.6651426374912262,-0.10762051359742092,0.06514263749122617,False,True
581,562f5c2063fec8fe3b8647d0bd113f6c,Seattle Mariners,Milwaukee Brewers,0,122.0,-145.0,0.4504504504504504,0.5918367346938775,0.318422745168209,0.6815772548317909,-0.1320277052822414,0.08974052013791334,False,True
582,ac8794a614fbb54f27fddef549de8b02,Los Angeles Dodgers,New York Mets,0,-160.0,134.0,0.6153846153846154,0.4273504273504273,0.494861352443695,0.5051386475563049,-0.12052326294092042,0.07778822020587761,False,True
602,422bf1cf23bea6aa09e9b27c346e265e,Detroit Tigers,Cleveland Guardians,1,113.0,-135.0,0.4694835680751174,0.574468085106383,0.3413027435541153,0.6586972564458847,-0.1281808245210021,0.0842291713395017,False,True
604,0a05b8ec6d7950df04a8618be4ea8547,Chicago White Sox,Philadelphia Phillies,0,105.0,-125.0,0.4878048780487805,0.5555555555555556,0.4025990903377533,0.5974009096622467,-0.08520578771102716,0.0418453541066911,False,True
606,7ac4d47628135f78c17860e4b5a3263c,Detroit Tigers,Cleveland Guardians,1,-125.0,105.0,0.5555555555555556,0.4878048780487805,0.4389629483222961,0.5610370516777039,-0.11659260723325948,0.07323217362892342,False,True
607,a64bb2db7056841828cc0bc1ffdc6cea,Cincinnati Reds,Tampa Bay Rays,0,-125.0,105.0,0.5555555555555556,0.4878048780487805,0.4373481035232544,0.5626518964767456,-0.11820745203230121,0.07484701842796515,False,True
608,522e1ac347eb1d17462cc00c807e2f94,Miami Marlins,San Francisco Giants,1,102.0,-122.0,0.495049504950495,0.5495495495495496,0.4438234567642212,0.5561765432357788,-0.0512260481862738,0.00662699368622921,False,False
609,8bda418348477c804f8b73862cec7dd5,Washington Nationals,Baltimore Orioles,0,117.0,-140.0,0.4608294930875576,0.5833333333333334,0.3161045953631401,0.6838954046368599,-0.1447248977244175,0.10056207130352657,False,True
610,64cee2e93cf767bb57dc734d084b1327,New York Yankees,Los Angeles Angels,0,-145.0,122.0,0.5918367346938775,0.4504504504504504,0.4427218317985534,0.5572781682014465,-0.14911490289532414,0.10682771775099609,False,True
611,5878ffad2de9c55e7482b08edc2b1513,Boston Red Sox,Minnesota Twins,1,-103.0,-117.0,0.5073891625615764,0.5391705069124424,0.4422086119651794,0.5577913880348205,-0.06518055059639699,0.01862088112237814,False,True
613,bf1e6158e7f3c842a520adbed978924a,Chicago White Sox,Philadelphia Phillies,0,-125.0,105.0,0.5555555555555556,0.4878048780487805,0.4440895795822143,0.5559104204177856,-0.11146597597334129,0.06810554236900512,False,True
614,009ab7e553c62d5a03a17cabfcb04153,Kansas City Royals,Texas Rangers,0,105.0,-125.0,0.4878048780487805,0.5555555555555556,0.403859269618988,0.596140730381012,-0.08394560842979248,0.04058517482545643,False,True
615,ace4084cbdb0223e62d83d3cbbb33fb7,St. Louis Cardinals,Arizona Diamondbacks,0,-165.0,139.0,0.6226415094339622,0.4184100418410041,0.4982661426067352,0.5017338573932648,-0.12437536682722705,0.0833238155522607,False,True
616,17958996cb3ac4626c1814bb54b35a4c,Houston Astros,Toronto Blue Jays,0,-105.0,-115.0,0.5121951219512195,0.5348837209302325,0.4579976439476013,0.5420023560523987,-0.05419747800361824,0.00711863512216615,False,False
618,4f2025f84755042056aa0402503d93a8,Colorado Rockies,Pittsburgh Pirates,0,-105.0,-115.0,0.5121951219512195,0.5348837209302325,0.4321227252483368,0.5678772747516632,-0.08007239670288274,0.032993553821430655,False,True
620,165faa79901e248e66fecad5017f820f,San Diego Padres,Atlanta Braves,1,120.0,-143.0,0.4545454545454545,0.588477366255144,0.3364198476076126,0.6635801523923874,-0.11812560693784185,0.07510278613724342,False,True
622,3402861017c91c707438deb00727265d,Oakland Athletics,Chicago Cubs,0,148.0,-180.0,0.4032258064516129,0.6428571428571429,0.3132910937070846,0.6867089062929154,-0.0899347127445283,0.04385176343577246,False,True
624,d6476ea972d0498cfd8ae9b1f056463f,Seattle Mariners,Milwaukee Brewers,0,-155.0,130.0,0.6078431372549019,0.4347826086956521,0.5045578956604004,0.4954421043395996,-0.10328524159450148,0.060659495643947514,False,True
626,e96d8b450f7b42a318b32f75a01a0026,Los Angeles Dodgers,New York Mets,0,-165.0,139.0,0.6226415094339622,0.4184100418410041,0.4810362339019775,0.5189637660980224,-0.14160527553198476,0.1005537242570183,False,True
643,dc15f8299d1bfd4aa15a422b36ed74f8,Cincinnati Reds,Tampa Bay Rays,0,190.0,-230.0,0.3448275862068966,0.696969696969697,0.3132910937070846,0.6867089062929154,-0.031536492499812,-0.01026079067678165,False,False
644,225e61e75309c5f37f64c5a7990c0769,Detroit Tigers,Cleveland Guardians,0,122.0,-145.0,0.4504504504504504,0.5918367346938775,0.324831311404705,0.675168688595295,-0.1256191390457454,0.08333195390141745,False,True
645,f04ec4a5df0406b8358609e4ea418b59,Miami Marlins,San Francisco Giants,0,-107.0,-113.0,0.5169082125603864,0.5305164319248826,0.4321227252483368,0.5678772747516632,-0.08478548731204966,0.03736084282678054,False,True
646,95775de6e66420731d30a73964fae5e7,St. Louis Cardinals,Arizona Diamondbacks,1,-190.0,156.0,0.6551724137931034,0.390625,0.4911158919334412,0.5088841080665588,-0.16405652185966224,0.11825910806655882,False,True
647,8ea577dec88d3ff7d6a629ddec72ef7b,Chicago White Sox,Philadelphia Phillies,0,-105.0,-115.0,0.5121951219512195,0.5348837209302325,0.4422086119651794,0.5577913880348205,-0.06998650998604011,0.022907667104588025,False,True
648,ff95be7121f8dfede4987a06225967d6,Kansas City Royals,Texas Rangers,0,-110.0,-110.0,0.5238095238095238,0.5238095238095238,0.4321227252483368,0.5678772747516632,-0.09168679856118706,0.04406775094213933,False,True
650,e0262e6c4c35441e890f7c6aa5c88a46,Colorado Rockies,Pittsburgh Pirates,0,105.0,-125.0,0.4878048780487805,0.5555555555555556,0.403859269618988,0.596140730381012,-0.08394560842979248,0.04058517482545643,False,True
652,54440eb89f4323e97824392ab3c69efc,Los Angeles Dodgers,New York Mets,0,108.0,-130.0,0.4807692307692308,0.5652173913043478,0.3798448443412781,0.6201551556587219,-0.1009243864279527,0.05493776435437414,False,True
654,d7d63ae401b886dec2b7c14a5486ae19,Oakland Athletics,Chicago Cubs,0,144.0,-175.0,0.4098360655737705,0.6363636363636364,0.3108962029218673,0.6891037970781326,-0.09893986265190319,0.052740160714496276,False,True
656,83455c45e3ab097180f7206c179e903a,San Diego Padres,Atlanta Braves,1,-102.0,-118.0,0.504950495049505,0.5412844036697247,0.4409262061119079,0.5590737938880921,-0.06402428893759704,0.01778939021836734,False,True
658,9432e96bb2cd6718b9022ad409f3a98a,Seattle Mariners,Milwaukee Brewers,0,-130.0,108.0,0.5652173913043478,0.4807692307692308,0.4453106164932251,0.5546893835067749,-0.11990677481112266,0.0739201527375441,False,True
659,8349249d1ed96746ff00d15b144f26b7,New York Yankees,Los Angeles Angels,1,-135.0,113.0,0.574468085106383,0.4694835680751174,0.4839790344238281,0.5160209655761718,-0.09048905068255492,0.046537397501054456,False,True
660,3559eb5217925a36d7984999c5acf47a,Boston Red Sox,Minnesota Twins,0,113.0,-135.0,0.4694835680751174,0.574468085106383,0.4001609563827514,0.5998390436172485,-0.06932261169236598,0.02537095851086546,False,True
661,a6af907efb2c243118233a4be9aba36d,Houston Astros,Toronto Blue Jays,1,-110.0,-110.0,0.5238095238095238,0.5238095238095238,0.4963997483253479,0.503600251674652,-0.027409775484175947,-0.02020927213487178,False,False
664,bb9c76c3df270d79b89dab9b8a40b5f3,Boston Red Sox,Minnesota Twins,1,-125.0,105.0,0.5555555555555556,0.4878048780487805,0.489756178855896,0.510243821144104,-0.06579937669965957,0.02243894309532357,False,True
665,dd4635876aeb4258ba54e231ce739284,New York Yankees,Los Angeles Angels,1,-160.0,134.0,0.6153846153846154,0.4273504273504273,0.5259797394275665,0.4740202605724334,-0.08940487595704893,0.04666983322200613,False,True
666,6b1e804066fae245b737148fb3ac82b9,Pittsburgh Pirates,Cincinnati Reds,1,-165.0,139.0,0.6226415094339622,0.4184100418410041,0.5352029263973236,0.4647970736026764,-0.08743858303663865,0.046387031761672304,False,True
667,b2017b10aecda0c24cd95a486214cee4,Philadelphia Phillies,Colorado Rockies,0,-230.0,190.0,0.696969696969697,0.3448275862068966,0.5282856822013855,0.4717143177986145,-0.16868401476831152,0.12688673159171793,False,True
668,a462e80aeaafd191567f0b22daff93f0,Chicago Cubs,Los Angeles Dodgers,0,-115.0,-105.0,0.5348837209302325,0.5121951219512195,0.489756178855896,0.510243821144104,-0.0451275420743365,-0.0019513008071154747,False,False
669,76a5a4bcfb39a4c0013ca63ed6be79dc,Arizona Diamondbacks,San Diego Padres,0,113.0,-135.0,0.4694835680751174,0.574468085106383,0.3623430699110031,0.6376569300889969,-0.10714049816411425,0.0631888449826139,False,True
670,a48574e62844c335ee75853a1360113e,San Francisco Giants,New York Mets,0,117.0,-140.0,0.4608294930875576,0.5833333333333334,0.3623430699110031,0.6376569300889969,-0.09848642317655448,0.05432359675566356,False,True
684,8f02a87ec56db52e6d18b07fd2df52ff,Chicago Cubs,Los Angeles Dodgers,1,144.0,-175.0,0.4098360655737705,0.6363636363636364,0.345031201839447,0.654968798160553,-0.06480486373432348,0.018605161796916625,False,True
685,f7b4b11d8a764461b158b42409e94ff9,Pittsburgh Pirates,Cincinnati Reds,1,-140.0,117.0,0.5833333333333334,0.4608294930875576,0.4898626029491424,0.5101373970508576,-0.09347073038419096,0.04930790396329998,False,True
686,d5cfedb014aedea51886666c3c5d7781,Tampa Bay Rays,Chicago White Sox,1,-175.0,144.0,0.6363636363636364,0.4098360655737705,0.5066697180271149,0.4933302819728851,-0.12969391833652144,0.08349421639911458,False,True
687,063ca6ec35eed95a11f5f3fc5b915ce7,Baltimore Orioles,Detroit Tigers,1,-180.0,148.0,0.6428571428571429,0.4032258064516129,0.520490974187851,0.479509025812149,-0.12236616866929195,0.07628321936053611,False,True
688,b8e1fb496a76dc72352b2446a973f8db,Philadelphia Phillies,Colorado Rockies,1,-300.0,230.0,0.75,0.303030303030303,0.6612009108066559,0.3387990891933441,-0.08879908919334412,0.03576878616304113,False,True
689,bd1d47c457185f6c0f18f1baed964744,New York Yankees,Toronto Blue Jays,0,-135.0,113.0,0.574468085106383,0.4694835680751174,0.4839790344238281,0.5160209655761718,-0.09048905068255492,0.046537397501054456,False,True
690,5e88e11a2e94835b24cba3ea4482d970,Atlanta Braves,Houston Astros,0,-125.0,105.0,0.5555555555555556,0.4878048780487805,0.4963997483253479,0.503600251674652,-0.05915580723020769,0.015795373625871578,False,True
692,5545a6ee9b67b6bd3a39b6a2110c29c0,Texas Rangers,Oakland Athletics,1,-210.0,170.0,0.6774193548387096,0.3703703703703703,0.5167967200279235,0.4832032799720764,-0.1606226348107861,0.11283290960170611,False,True
694,a9a903caee2a0e57db4974c0147bebbf,Milwaukee Brewers,Boston Red Sox,1,-180.0,148.0,0.6428571428571429,0.4032258064516129,0.520490974187851,0.479509025812149,-0.12236616866929195,0.07628321936053611,False,True
696,f9c4b25505fdc923de41a024153a5c47,Minnesota Twins,Washington Nationals,0,-220.0,180.0,0.6875,0.3571428571428571,0.5147461891174316,0.4852538108825683,-0.17275381088256836,0.1281109537397112,False,True
697,8b4a14d6fcc3629ebdb5f7dfb7913062,Los Angeles Angels,Kansas City Royals,1,-290.0,230.0,0.7435897435897436,0.303030303030303,0.6612009108066559,0.3387990891933441,-0.08238883278308773,0.03576878616304113,False,True
698,675a843b79335c32eb2c0585a8b97ca6,Arizona Diamondbacks,San Diego Padres,1,-110.0,-110.0,0.5238095238095238,0.5238095238095238,0.4787041962146759,0.5212958037853241,-0.04510532759484792,-0.002513720024199695,False,False
699,810d2efffaa7214a1363ea2f98919194,Seattle Mariners,St. Louis Cardinals,1,-130.0,108.0,0.5652173913043478,0.4807692307692308,0.4839790344238281,0.5160209655761718,-0.08123835688051967,0.03525173480694105,False,True
701,731d619fecb54342679872abe5c3789f,San Francisco Giants,New York Mets,1,-115.0,-105.0,0.5348837209302325,0.5121951219512195,0.470146894454956,0.529853105545044,-0.06473682647527651,0.017657983593824422,False,True
725,dae5f37170e5e1b0e66ff93c7c8be54c,New York Yankees,Toronto Blue Jays,1,-180.0,148.0,0.6428571428571429,0.4032258064516129,0.520490974187851,0.479509025812149,-0.12236616866929195,0.07628321936053611,False,True
727,7a92d0933bfeb2a588e44d7f8faebb14,Minnesota Twins,Washington Nationals,0,-290.0,230.0,0.7435897435897436,0.303030303030303,0.6612009108066559,0.3387990891933441,-0.08238883278308773,0.03576878616304113,False,True
728,d402e5c57d869980768afab32a0c22fa,Chicago Cubs,Los Angeles Dodgers,0,117.0,-140.0,0.4608294930875576,0.5833333333333334,0.3479081511497497,0.6520918488502503,-0.1129213419378079,0.06875851551691692,False,True
729,32f0cafa8bc9bb71489dba46abc08c51,Philadelphia Phillies,Colorado Rockies,1,-185.0,153.0,0.6491228070175439,0.3952569169960474,0.5066697180271149,0.4933302819728851,-0.14245308899042897,0.09807336497683766,False,True
730,89952afe2e89e768137f4ca053789342,Tampa Bay Rays,Chicago White Sox,1,-195.0,160.0,0.6610169491525424,0.3846153846153846,0.5066697180271149,0.4933302819728851,-0.15434723112542748,0.1087148973575005,False,True
732,50a40d923d3ebda73f861552b8246eee,San Francisco Giants,New York Mets,1,-125.0,105.0,0.5555555555555556,0.4878048780487805,0.489756178855896,0.510243821144104,-0.06579937669965957,0.02243894309532357,False,True
734,9ead7b7ba713e93618e39b1210174f16,Cleveland Guardians,Miami Marlins,0,-125.0,105.0,0.5555555555555556,0.4878048780487805,0.4839790344238281,0.5160209655761718,-0.07157652113172747,0.028216087527391354,False,True
735,ad3ce41e7cfa4a44a181af323ebf3c0e,Pittsburgh Pirates,Cincinnati Reds,1,-150.0,126.0,0.6,0.4424778761061947,0.6372229516506195,0.3627770483493805,0.03722295165061951,-0.0797008277568142,True,False
736,6093bc06eaf984703be2f20d3df5892b,Baltimore Orioles,Detroit Tigers,1,-180.0,148.0,0.6428571428571429,0.4032258064516129,0.5219071447849274,0.4780928552150726,-0.12094999807221551,0.07486704876345973,False,True
738,7e91f54a1f643840eb163dc203ce92e2,Texas Rangers,Oakland Athletics,1,-245.0,200.0,0.7101449275362319,0.3333333333333333,0.6048053205013275,0.3951946794986725,-0.10533960703490441,0.06186134616533917,False,True
740,2be2dd6fcd8b3ed5458cc65ce1b83b80,Milwaukee Brewers,Boston Red Sox,1,-130.0,108.0,0.5652173913043478,0.4807692307692308,0.5025038182735443,0.4974961817264557,-0.0627135730308035,0.01672695095722493,False,True
741,e3fe52b2a024f903dd2be35e11a55676,Atlanta Braves,Houston Astros,0,-115.0,-105.0,0.5348837209302325,0.5121951219512195,0.5157956779003143,0.4842043220996856,-0.019088043029918178,-0.02799079985153391,False,False
743,04f538a9f1a75e61131ddfed99318d98,Arizona Diamondbacks,San Diego Padres,0,126.0,-150.0,0.4424778761061947,0.6,0.3508958488702774,0.6491041511297226,-0.0915820272359173,0.04910415112972266,False,True
745,a8ce28aa2d9ccb007ee1b34eb40e6703,Los Angeles Angels,Kansas City Royals,1,-180.0,148.0,0.6428571428571429,0.4032258064516129,0.5168597638607025,0.4831402361392974,-0.12599737899644037,0.07991442968768453,False,True
747,551126f81ed8256f8d9430118ecae518,Seattle Mariners,St. Louis Cardinals,0,-165.0,139.0,0.6226415094339622,0.4184100418410041,0.5182333886623383,0.4817666113376617,-0.10440812077162398,0.06335656949665758,False,True
762,caff39b6a6373fa1a0c3db1a051b1a20,Philadelphia Phillies,Colorado Rockies,1,-300.0,240.0,0.75,0.2941176470588235,0.6840505480766297,0.3159494519233704,-0.06594945192337032,0.02183180486454689,False,True
763,7ecc40889b04b7b33ec9be0c2a93beeb,Atlanta Braves,Houston Astros,0,-143.0,120.0,0.588477366255144,0.4545454545454545,0.5344397187232971,0.4655602812767029,-0.05403764753184692,0.011014826731248428,False,True
764,142b2bca02887af4931db4c572d1823a,Baltimore Orioles,Detroit Tigers,1,-175.0,144.0,0.6363636363636364,0.4098360655737705,0.5554390668869018,0.4445609331130981,-0.08092456947673454,0.034724867539327575,False,True
765,53807fde2807f88e693728beff633e89,Pittsburgh Pirates,Cincinnati Reds,1,-110.0,-110.0,0.5238095238095238,0.5238095238095238,0.5246416628360748,0.4753583371639251,0.0008321390265509931,-0.04845118664559872,False,False
766,239fcd1af88db72c54ddf1a503677ed4,New York Yankees,Toronto Blue Jays,0,113.0,-135.0,0.4694835680751174,0.574468085106383,0.4111650228500366,0.5888349771499634,-0.05831854522508079,0.014366892043580326,False,True
767,9a3bf2ba9431ac33a9c1e44ea5587e3c,Tampa Bay Rays,Chicago White Sox,1,-153.0,128.0,0.6047430830039525,0.4385964912280701,0.6453266501426697,0.3546733498573303,0.040583567138717136,-0.0839231413707398,True,False
768,490bedaa01b445c3cc13107184ad462e,Cleveland Guardians,Miami Marlins,1,-115.0,-105.0,0.5348837209302325,0.5121951219512195,0.5493318676948548,0.4506681323051452,0.01444814676462225,-0.06152698964607434,True,False
769,c5ce24167c604aee6fa8b81f9c1c2733,Milwaukee Brewers,Boston Red Sox,0,-190.0,156.0,0.6551724137931034,0.390625,0.5431949019432067,0.4568050980567932,-0.11197751184989668,0.0661800980567932,False,True
770,d24b1e2ab18713dbfbb1326ec5a8467e,Minnesota Twins,Washington Nationals,1,-270.0,220.0,0.7297297297297297,0.3125,0.6928078770637512,0.3071921229362487,-0.03692185266597847,-0.005307877063751298,False,False
771,77e395a8afa26d166290a9113574e8cb,Chicago Cubs,Los Angeles Dodgers,0,117.0,-140.0,0.4608294930875576,0.5833333333333334,0.3620520323514938,0.6379479676485061,-0.0987774607360638,0.05461463431517277,False,True
772,f8e130e8b0f4f3ef36b07d0ba910832c,Texas Rangers,Oakland Athletics,1,-360.0,280.0,0.782608695652174,0.2631578947368421,0.6928078770637512,0.3071921229362487,-0.0898008185884227,0.04403422819940661,False,True
774,65a79803c44ac7a67509923e9a26de83,Los Angeles Angels,Kansas City Royals,1,-210.0,170.0,0.6774193548387096,0.3703703703703703,0.5582313656806945,0.4417686343193054,-0.1191879891580151,0.07139826394893511,False,True
776,08f5e48b24950dea318005624a6b0b73,Arizona Diamondbacks,San Diego Padres,0,122.0,-145.0,0.4504504504504504,0.5918367346938775,0.3568798810243606,0.6431201189756394,-0.09357056942608982,0.051283384281761824,False,True
778,749da8514194c1313c1bf568b32f0fdf,Seattle Mariners,St. Louis Cardinals,0,-110.0,-110.0,0.5238095238095238,0.5238095238095238,0.5404635429382324,0.4595364570617676,0.016654019128708564,-0.06427306674775624,True,False
779,ccb11fca45c108ff835613e339d5e159,San Francisco Giants,New York Mets,1,105.0,-125.0,0.4878048780487805,0.5555555555555556,0.5116376101970672,0.4883623898029327,0.02383273214828674,-0.06719316575262291,True,False
783,c9f0687c643e17a49acd2bd659f0d505,Cleveland Guardians,Colorado Rockies,0,-210.0,170.0,0.6774193548387096,0.3703703703703703,0.5374046325683594,0.4625953674316406,-0.14001472227035028,0.0922249970612703,False,True
784,906e078a74672b49e52630989c3ac30e,Baltimore Orioles,Boston Red Sox,1,-105.0,-115.0,0.5121951219512195,0.5348837209302325,0.5420372366905213,0.4579627633094787,0.02984211473930176,-0.0769209576207538,True,False
785,899ec6f5e0eadcb991717c15310779fe,Cincinnati Reds,Texas Rangers,1,-125.0,105.0,0.5555555555555556,0.4878048780487805,0.5420372366905213,0.4579627633094787,-0.013518318865034296,-0.02984211473930176,False,False
786,e80e886b7256dd5712821add13abb61b,Tampa Bay Rays,Houston Astros,1,-155.0,130.0,0.6078431372549019,0.4347826086956521,0.6367780804634094,0.3632219195365905,0.028934943208507535,-0.07156068915906161,True,False
787,02256133ccbc217f44859c7cafe779dd,Toronto Blue Jays,Chicago White Sox,1,-168.0,140.0,0.6268656716417911,0.4166666666666667,0.5392889022827149,0.4607110977172851,-0.08757676935907621,0.04404443105061839,False,True
788,a5b671cd9d7505ce5261549e930b1d71,Atlanta Braves,Miami Marlins,1,-295.0,235.0,0.7468354430379747,0.2985074626865671,0.6840505480766297,0.3159494519233704,-0.06278489496134498,0.01744198923680329,False,True
789,66c3f485d25265cfd4858d0761e6599d,Milwaukee Brewers,Detroit Tigers,0,-165.0,139.0,0.6226415094339622,0.4184100418410041,0.5480562806129455,0.4519437193870544,-0.0745852288210167,0.0335336775460503,False,True
790,59d23a8bbf89d0ebafb6ee928b5a294b,Minnesota Twins,New York Yankees,1,-150.0,126.0,0.6,0.4424778761061947,0.6437939763069153,0.3562060236930847,0.04379397630691528,-0.08627185241311003,True,False
791,9eb14c4587a1759156df3d4af281b7d7,Los Angeles Angels,Oakland Athletics,0,-200.0,165.0,0.6666666666666666,0.3773584905660377,0.5582313656806945,0.4417686343193054,-0.1084353009859721,0.0644101437532677,False,True
792,0ca6fa01d1ce17b7dd7f07a6add8ede3,Arizona Diamondbacks,Kansas City Royals,1,-125.0,105.0,0.5555555555555556,0.4878048780487805,0.5430958867073059,0.4569041132926941,-0.012459668848249672,-0.030900764756086385,False,False
793,7ffdb407161c73689af0aa606cb19db1,San Francisco Giants,St. Louis Cardinals,1,105.0,-125.0,0.4878048780487805,0.5555555555555556,0.5391807436943055,0.4608192563056946,0.05137586564552499,-0.09473629924986099,True,False
807,9dc381959b4f1b8af044c5993c1d8805,Cleveland Guardians,Colorado Rockies,0,-210.0,170.0,0.6774193548387096,0.3703703703703703,0.557348883152008,0.4426511168479919,-0.1200704716867016,0.07228074647762162,False,True
808,e687658a59c6e844be21456576a5e3c4,Baltimore Orioles,Boston Red Sox,0,-170.0,141.0,0.6296296296296297,0.4149377593360996,0.5554390668869018,0.4445609331130981,-0.07419056274272784,0.029623173776998468,False,True
809,1705668f00556dd19407df97765b4923,Pittsburgh Pirates,Los Angeles Dodgers,0,105.0,-125.0,0.4878048780487805,0.5555555555555556,0.5099367260932922,0.4900632739067078,0.022131848044511737,-0.0654922816488478,True,False
810,f5edb709a47d30bdd7e1de87d28395e3,Cincinnati Reds,Texas Rangers,1,130.0,-155.0,0.4347826086956521,0.6078431372549019,0.3858975768089294,0.6141024231910706,-0.04888503188672272,0.006259285936168646,False,False
811,027f01ed92db5de48fd0d2246e684099,Tampa Bay Rays,Houston Astros,0,-175.0,144.0,0.6363636363636364,0.4098360655737705,0.5518200755119324,0.4481799244880676,-0.084543560851704,0.03834385891429709,False,True
812,25d3a09559d115c39893680d7faa118a,Philadelphia Phillies,Seattle Mariners,0,-125.0,105.0,0.5555555555555556,0.4878048780487805,0.5631568431854248,0.4368431568145752,0.0076012876298692245,-0.05096172123420528,False,False
813,c5a6a709edcf09d1c79736d5c0c2fbb7,Toronto Blue Jays,Chicago White Sox,1,-200.0,165.0,0.6666666666666666,0.3773584905660377,0.6314118146896363,0.3685881853103637,-0.03525485197703038,-0.008770305255674016,False,False
814,264a70b41c157649a0b5fbb09268a8ad,Atlanta Braves,Miami Marlins,1,-250.0,205.0,0.7142857142857143,0.3278688524590163,0.6835323095321655,0.3164676904678344,-0.03075340475354882,-0.011401161991181907,False,False
815,60db40b7c47851cce206020383e48e9e,Chicago Cubs,San Diego Padres,1,-125.0,105.0,0.5555555555555556,0.4878048780487805,0.660150146484375,0.339849853515625,0.1045945909288194,-0.14795502453315545,True,False
816,e813ee8b6fd8072c21ce8b637fee5f3e,Milwaukee Brewers,Detroit Tigers,0,-175.0,144.0,0.6363636363636364,0.4098360655737705,0.6216632127761841,0.3783367872238159,-0.014700423587452272,-0.031499278349954585,False,False
817,8dd837c9348c361efec53e20c7a7fef5,Minnesota Twins,New York Yankees,1,-122.0,102.0,0.5495495495495496,0.495049504950495,0.660150146484375,0.339849853515625,0.11060059693482538,-0.15519965143486997,True,False
818,171ff5a28cf534f738364822acc18519,Los Angeles Angels,Oakland Athletics,1,-185.0,153.0,0.6491228070175439,0.3952569169960474,0.6168217062950134,0.3831782937049866,-0.03230110072253045,-0.012078623291060853,False,False
820,adeeb4d2f327a31e725f82ace08a0219,Arizona Diamondbacks,Kansas City Royals,1,-140.0,117.0,0.5833333333333334,0.4608294930875576,0.6601866126060486,0.3398133873939514,0.07685327927271524,-0.12101610569360621,True,False
830,0ce5e9e3080a2df122eaf447f13c9d55,Cincinnati Reds,Texas Rangers,1,-125.0,105.0,0.5555555555555556,0.4878048780487805,0.5944281578063965,0.4055718421936035,0.03887260225084088,-0.082233035855177,True,False
831,d0ed9636f7ae54efdac6b4de2cdedc51,Baltimore Orioles,Boston Red Sox,1,-115.0,-105.0,0.5348837209302325,0.5121951219512195,0.6657995581626892,0.3342004418373108,0.1309158372324567,-0.17799468011390873,True,False
832,69c1948bee1e980680a3575ba471a58f,Toronto Blue Jays,Chicago White Sox,1,-190.0,156.0,0.6551724137931034,0.390625,0.6168217062950134,0.3831782937049866,-0.03835070749809,-0.007446706295013428,False,False
833,d21412b15cc49b78857dae006d75ef90,Minnesota Twins,New York Yankees,0,-125.0,105.0,0.5555555555555556,0.4878048780487805,0.6629056572914124,0.3370943427085876,0.1073501017358568,-0.15071053534019285,True,False
834,a35ac2111fd02ed07e7aef30f1dac60e,Milwaukee Brewers,Detroit Tigers,1,-220.0,180.0,0.6875,0.3571428571428571,0.6605273008346557,0.3394726991653442,-0.026972699165344283,-0.017670157977512868,False,False
836,5e315e1bb59247e7daa455b70d57edbc,Arizona Diamondbacks,Kansas City Royals,1,-265.0,215.0,0.726027397260274,0.3174603174603174,0.6628886103630066,0.3371113896369934,-0.06313878689726737,0.019651072176676,False,True
837,50a6f4fd186a7813f17f2c74a622477a,Pittsburgh Pirates,Los Angeles Dodgers,1,122.0,-145.0,0.4504504504504504,0.5918367346938775,0.4030870139598846,0.5969129860401153,-0.04736343649056579,0.005076251346237792,False,False
838,df1d02a88c8e9f654d4f930955b9dd79,Tampa Bay Rays,Houston Astros,0,-132.0,110.0,0.5689655172413793,0.4761904761904761,0.6605795502662659,0.3394204497337341,0.09161403302488658,-0.13677002645674202,True,False
839,06819097430b3b2f80a2f87ca40f9ad3,Philadelphia Phillies,Seattle Mariners,1,-125.0,105.0,0.5555555555555556,0.4878048780487805,0.5944281578063965,0.4055718421936035,0.03887260225084088,-0.082233035855177,True,False
840,ed5490c83aac385beee1ace7e1d266ca,New York Mets,Washington Nationals,0,-200.0,165.0,0.6666666666666666,0.3773584905660377,0.6314118146896363,0.3685881853103637,-0.03525485197703038,-0.008770305255674016,False,False
841,28fa71514217f4c5c8175eacfd4033d2,Atlanta Braves,Miami Marlins,1,-160.0,134.0,0.6153846153846154,0.4273504273504273,0.6963226556777954,0.3036773443222046,0.08093804029317997,-0.12367308302822266,True,False
842,1c1387e09c4c893680205b83972c487c,Chicago Cubs,San Diego Padres,0,-110.0,-110.0,0.5238095238095238,0.5238095238095238,0.5789109826087951,0.4210890173912048,0.05510145879927131,-0.10272050641831904,True,False
844,d25d67970a9fcbf79aabcbfb9ad4f7e2,Los Angeles Angels,Oakland Athletics,1,-220.0,180.0,0.6875,0.3571428571428571,0.6825528264045715,0.3174471735954284,-0.004947173595428511,-0.039695683547428695,False,False
846,3d23fdbfb6524a3e2173ed85f90c1944,San Francisco Giants,St. Louis Cardinals,0,-110.0,-110.0,0.5238095238095238,0.5238095238095238,0.5838683843612671,0.4161316156387329,0.060058860551743254,-0.10767790817079093,True,False
857,a9cf2756a3f6e3b8d640c96e601d6995,Atlanta Braves,Miami Marlins,0,-190.0,156.0,0.6551724137931034,0.390625,0.6289214372634888,0.3710785627365112,-0.02625097652961461,-0.019546437263488814,False,False
858,1d3a936c71f42891d4830c85d0108248,Pittsburgh Pirates,Los Angeles Dodgers,1,139.0,-165.0,0.4184100418410041,0.6226415094339622,0.393563324213028,0.606436675786972,-0.024846717627976134,-0.016204833646990213,False,False
859,a3f87c9877df15eba34db40502738ded,Philadelphia Phillies,Seattle Mariners,1,-115.0,-105.0,0.5348837209302325,0.5121951219512195,0.6743832468986511,0.3256167531013488,0.13949952596841864,-0.18657836884987072,True,False
860,c5ff1e7a9836d125073cfe53fb6086d0,Chicago Cubs,San Diego Padres,1,113.0,-135.0,0.4694835680751174,0.574468085106383,0.4503680974245071,0.5496319025754929,-0.019115470650610256,-0.02483618253089015,False,False
862,7fcc46ae9003261d8acb437711dbc42c,San Francisco Giants,St. Louis Cardinals,0,-145.0,122.0,0.5918367346938775,0.4504504504504504,0.6674448370933532,0.3325551629066467,0.07560810239947569,-0.11789528754380368,True,False
864,f4c30c5a16e56b7502e8560f22e43675,Los Angeles Angels,Oakland Athletics,1,-320.0,255.0,0.7619047619047619,0.2816901408450704,0.7167704701423645,0.2832295298576355,-0.04513429176239736,0.0015393890125651177,False,False
865,c2e6e3e8f9d832650df372289a3545e4,Detroit Tigers,Baltimore Orioles,0,129.0,-154.0,0.4366812227074236,0.6062992125984252,0.3914484679698944,0.6085515320301056,-0.04523275473752919,0.0022523194316803608,False,False
866,73be5ba368801796fbb85d6c530017f2,Chicago White Sox,Tampa Bay Rays,0,126.0,-150.0,0.4424778761061947,0.6,0.3942554712295532,0.6057445287704468,-0.048222404876641534,0.005744528770446844,False,False
867,11725c7b3bb341703619968f912e964e,New York Mets,Washington Nationals,1,-230.0,190.0,0.696969696969697,0.3448275862068966,0.6825528264045715,0.3174471735954284,-0.014416870565125528,-0.027380412611468175,False,False
868,2400d7db22e422bb8a5b32f8c68f5ed0,Minnesota Twins,Kansas City Royals,1,-195.0,160.0,0.6610169491525424,0.3846153846153846,0.6233078956604003,0.3766921043395996,-0.03770905349214204,-0.007923280275784983,False,False
869,e733e3c0d99be15f8378fc8b8b57675a,Texas Rangers,New York Yankees,0,141.0,-170.0,0.4149377593360996,0.6296296296296297,0.3873888492584229,0.6126111507415771,-0.027548910077676736,-0.017018478888052524,False,False
880,1ce8fde2f6995111fbfe454d86bd6aaa,Minnesota Twins,Kansas City Royals,1,-260.0,210.0,0.7222222222222222,0.3225806451612903,0.7167704701423645,0.2832295298576355,-0.005451752079857708,-0.039351115303654816,False,False
881,6eeda6f9ef46ea20228185a54553b0c0,Miami Marlins,Chicago Cubs,1,105.0,-125.0,0.4878048780487805,0.5555555555555556,0.5915716648101806,0.4084283351898193,0.10376678676140016,-0.14712722036573628,True,False
882,5ee82807ddf07eaad56f5394ef862a65,Toronto Blue Jays,Seattle Mariners,1,-115.0,-105.0,0.5348837209302325,0.5121951219512195,0.6743832468986511,0.3256167531013488,0.13949952596841864,-0.18657836884987072,True,False
883,a80d3c5ce4acab81744fa8b07180e836,New York Mets,Atlanta Braves,0,122.0,-145.0,0.4504504504504504,0.5918367346938775,0.407764720916748,0.5922352790832519,-0.04268572953370242,0.00039854438937436676,False,False
884,10ca1075cbe3c51fa61f1f873cb12281,Boston Red Sox,Cleveland Guardians,0,120.0,-143.0,0.4545454545454545,0.588477366255144,0.407764720916748,0.5922352790832519,-0.046780733628706495,0.00375791282810789,False,False
885,b091f9fe3d6450deae825ee0fc3a24fb,Chicago White Sox,Tampa Bay Rays,0,134.0,-160.0,0.4273504273504273,0.6153846153846154,0.3914484679698944,0.6085515320301056,-0.035901959380532866,-0.006833083354509828,False,False
887,3c453a0285e73415c903b57122aecfb6,Texas Rangers,New York Yankees,1,-210.0,170.0,0.6774193548387096,0.3703703703703703,0.6428667783737183,0.3571332216262817,-0.034552576464991325,-0.0132371487440886,False,False
889,6df6648cc29a3b658b2b0e5819101be4,Houston Astros,Philadelphia Phillies,0,-145.0,122.0,0.5918367346938775,0.4504504504504504,0.6674448370933532,0.3325551629066467,0.07560810239947569,-0.11789528754380368,True,False
891,688745f6c5edeebf7fadda95570fe342,Milwaukee Brewers,Los Angeles Angels,1,-140.0,117.0,0.5833333333333334,0.4608294930875576,0.6674448370933532,0.3325551629066467,0.08411150376001986,-0.1282743301809109,True,False
892,3e9eb7f750341d3df35b468e9f2219ea,Colorado Rockies,Arizona Diamondbacks,0,113.0,-135.0,0.4694835680751174,0.574468085106383,0.4625316649675369,0.537468335032463,-0.006951903107580482,-0.03699975007391998,False,False
893,02c9cffda1f420e8a3fa31d3676b712f,Los Angeles Dodgers,St. Louis Cardinals,1,-145.0,122.0,0.5918367346938775,0.4504504504504504,0.6674448370933532,0.3325551629066467,0.07560810239947569,-0.11789528754380368,True,False
895,840606d07c51c675313c499588613292,Detroit Tigers,Baltimore Orioles,1,-125.0,105.0,0.5555555555555556,0.4878048780487805,0.5774017572402954,0.4225982427597046,0.02184620168473983,-0.06520663528907589,True,False
911,b487796c7ba8ac2cbacf371fc2c3d67b,Detroit Tigers,Baltimore Orioles,1,105.0,-125.0,0.4878048780487805,0.5555555555555556,0.5866142630577087,0.4133857369422912,0.09880938500892822,-0.1421698186132644,True,False
913,587d0692ea7bb2395bfd962ef6dcef52,Washington Nationals,Pittsburgh Pirates,0,122.0,-145.0,0.4504504504504504,0.5918367346938775,0.407764720916748,0.5922352790832519,-0.04268572953370242,0.00039854438937436676,False,False
914,eec30b92e328d39161d8c37fc346132d,Minnesota Twins,Kansas City Royals,0,-230.0,190.0,0.696969696969697,0.3448275862068966,0.6437665939331054,0.3562334060668945,-0.05320310303659159,0.011405819859997945,False,True
915,bc228957c48565c87f965dd41e7db26a,Toronto Blue Jays,Seattle Mariners,1,-240.0,195.0,0.7058823529411765,0.3389830508474576,0.6437665939331054,0.3562334060668945,-0.06211575900807109,0.017250355219436908,False,True
916,15c1b4122e3bc462d8010def52f5d804,Miami Marlins,Chicago Cubs,1,-122.0,102.0,0.5495495495495496,0.495049504950495,0.6674083709716797,0.3325916290283203,0.11785882142213011,-0.1624578759221747,True,False
918,aa0a2446323fafd7643d481fe44c7beb,Oakland Athletics,Cincinnati Reds,0,130.0,-155.0,0.4347826086956521,0.6078431372549019,0.3932754874229431,0.6067245125770568,-0.041507121272709,-0.0011186246778450704,False,False
919,55b086d6b65f8ca053907a487e4933c2,Boston Red Sox,Cleveland Guardians,1,-135.0,113.0,0.574468085106383,0.4694835680751174,0.6674083709716797,0.3325916290283203,0.09294028586529668,-0.13689193904679708,True,False
921,f5c12e09695bb49deacaee1d38268575,Detroit Tigers,Baltimore Orioles,1,141.0,-170.0,0.4149377593360996,0.6296296296296297,0.3988453209400177,0.6011546790599823,-0.01609243839608193,-0.028474950569647328,False,False
923,7c9e8528c8ada9a6cebcb82c9f87a576,Houston Astros,Philadelphia Phillies,0,-128.0,107.0,0.5614035087719298,0.4830917874396135,0.6674083709716797,0.3325916290283203,0.10600486219974992,-0.15050015841129322,True,False
925,9728590934fbd6e7372026019fef8b6b,Washington Nationals,Pittsburgh Pirates,0,130.0,-155.0,0.4347826086956521,0.6078431372549019,0.4075324892997741,0.5924675107002259,-0.027250119395878014,-0.015375626554676058,False,False
926,b66da318e22b5a330fc384b407e40c30,San Diego Padres,San Francisco Giants,1,-180.0,148.0,0.6428571428571429,0.4032258064516129,0.6568467259407044,0.3431532740592956,0.013989583083561463,-0.0600725323923173,True,False
928,abc6b7f30e64849a3442c7b8642bcbcf,Texas Rangers,New York Yankees,1,-150.0,126.0,0.6,0.4424778761061947,0.6816515564918518,0.3183484435081481,0.08165155649185185,-0.1241294325980466,True,False
929,47e5e45cb6af47aac35520869d28dbc0,Chicago White Sox,Tampa Bay Rays,0,120.0,-143.0,0.4545454545454545,0.588477366255144,0.4280259072780609,0.5719740927219391,-0.026519547267393584,-0.01650327353320491,False,False
931,a7997fde5de5da18cbfc430846202cc8,Milwaukee Brewers,Los Angeles Angels,1,-150.0,126.0,0.6,0.4424778761061947,0.7119215130805969,0.2880784869194031,0.11192151308059695,-0.15439938918679164,True,False
933,8f39471186ed6e6797271f17b46ef217,Colorado Rockies,Arizona Diamondbacks,1,-105.0,-115.0,0.5121951219512195,0.5348837209302325,0.6653741478919983,0.3346258521080017,0.1531790259407788,-0.2002578688222308,True,False
935,ca92087430f9656446b21a61917de2bb,Los Angeles Dodgers,St. Louis Cardinals,1,-150.0,126.0,0.6,0.4424778761061947,0.7089505672454834,0.2910494327545166,0.10895056724548347,-0.1514284433516781,True,False
949,c949d3c4f30433076bafdf69c1e51d5d,Miami Marlins,Chicago Cubs,1,144.0,-175.0,0.4098360655737705,0.6363636363636364,0.5864029467105866,0.4135970532894134,0.17656688113681607,-0.22276658307422298,True,False
950,c5ce1e9821853b48a63c1bca9f8de439,Boston Red Sox,Cleveland Guardians,1,-126.0,106.0,0.5575221238938053,0.4854368932038835,0.6851070046424865,0.3148929953575134,0.12758488074868124,-0.17054389784637008,True,False
951,88c34fd1969bc0c1cf4a73a38bcc1ed4,Washington Nationals,Pittsburgh Pirates,1,126.0,-150.0,0.4424778761061947,0.6,0.6010642528533936,0.3989357471466064,0.1585863767471989,-0.20106425285339358,True,False
952,cd1ba3db9d916b7b6dc634dd49a5f6fb,Toronto Blue Jays,Seattle Mariners,0,-180.0,148.0,0.6428571428571429,0.4032258064516129,0.6435560464859009,0.3564439535140991,0.0006989036287580186,-0.0467818529375138,False,False
953,5d3dfefdc038a5eed62e47ff018db03e,Detroit Tigers,Baltimore Orioles,0,130.0,-155.0,0.4347826086956521,0.6078431372549019,0.5864029467105866,0.4135970532894134,0.15162033801493446,-0.19424608396548854,True,False
954,791d3b3866fb1cb887550deea0fa70df,Chicago White Sox,Tampa Bay Rays,1,170.0,-210.0,0.3703703703703703,0.6774193548387096,0.5773849070072175,0.4226150929927826,0.20701453663684716,-0.254804261845927,True,False
955,f1198ef3d05c9eebc1bc97d88d6f359a,Minnesota Twins,Kansas City Royals,1,-220.0,180.0,0.6875,0.3571428571428571,0.6573883056640625,0.3426116943359375,-0.030111694335937522,-0.014531162806919573,False,False
956,6d03aceaa9d0a57cbd196ff854e19924,Milwaukee Brewers,Los Angeles Angels,0,-125.0,105.0,0.5555555555555556,0.4878048780487805,0.6851070046424865,0.3148929953575134,0.12955144908693095,-0.17291188269126706,True,False
957,e3b33f68d5eef4c2feb8939046c5c5c3,Texas Rangers,New York Yankees,1,105.0,-125.0,0.4878048780487805,0.5555555555555556,0.664996886253357,0.335003113746643,0.17719200820457648,-0.2205524418089126,True,False
959,c56ebf255ed5b3905fb4c2cd32fb1eca,Colorado Rockies,Arizona Diamondbacks,1,107.0,-128.0,0.4830917874396135,0.5614035087719298,0.6492432117462158,0.3507567882537842,0.1661514243066023,-0.2106467205181456,True,False
960,8571d48f75d0ade68b3897ca6319394d,San Diego Padres,San Francisco Giants,1,-153.0,128.0,0.6047430830039525,0.4385964912280701,0.6916766047477723,0.3083233952522278,0.08693352174381974,-0.1302730959758423,True,False
961,793fd4271c4b703b7384c05e399f62f7,Oakland Athletics,Cincinnati Reds,1,130.0,-155.0,0.4347826086956521,0.6078431372549019,0.5864029467105866,0.4135970532894134,0.15162033801493446,-0.19424608396548854,True,False
963,75214037c234afa2564a0cf70be6856b,Los Angeles Dodgers,St. Louis Cardinals,1,-145.0,122.0,0.5918367346938775,0.4504504504504504,0.6851434707641602,0.3148565292358398,0.09330673607028261,-0.1355939212146106,True,False
964,d8c3479002d2c2cc382b18fcad4eeff9,Houston Astros,Philadelphia Phillies,1,-150.0,126.0,0.6,0.4424778761061947,0.6851434707641602,0.3148565292358398,0.08514347076416018,-0.12762134687035492,True,False
